percentage,Unnamed: 1,percentage.1,ket,elapsed_time,gpu_used,dataset,experiment,file_path,subset_percentage_file
10,0,10.0,Dataloader,95.55216360092165,463.50830078125,ag-news-bert-whitening-pca,ag-news-bert-whitening-pca-bilstm,save\ag-news-bert-whitening-pca\ag-news-bert-whitening-pca-bilstm\summary_efficiency_10.csv,10
10,1,10.0,Train,47.81982851028442,421.48291015625,ag-news-bert-whitening-pca,ag-news-bert-whitening-pca-bilstm,save\ag-news-bert-whitening-pca\ag-news-bert-whitening-pca-bilstm\summary_efficiency_10.csv,10
10,2,10.0,Test,1.0748286247253418,420.67822265625,ag-news-bert-whitening-pca,ag-news-bert-whitening-pca-bilstm,save\ag-news-bert-whitening-pca\ag-news-bert-whitening-pca-bilstm\summary_efficiency_10.csv,10
10,3,,Total,144.4468207359314,420.67822265625,ag-news-bert-whitening-pca,ag-news-bert-whitening-pca-bilstm,save\ag-news-bert-whitening-pca\ag-news-bert-whitening-pca-bilstm\summary_efficiency_10.csv,10
100,0,100.0,Dataloader,973.3655517101288,465.40673828125,ag-news-bert-whitening-pca,ag-news-bert-whitening-pca-bilstm,save\ag-news-bert-whitening-pca\ag-news-bert-whitening-pca-bilstm\summary_efficiency_100.csv,100
100,1,100.0,Train,2789.424917459488,421.48291015625,ag-news-bert-whitening-pca,ag-news-bert-whitening-pca-bilstm,save\ag-news-bert-whitening-pca\ag-news-bert-whitening-pca-bilstm\summary_efficiency_100.csv,100
100,2,100.0,Test,54.939666986465454,420.67822265625,ag-news-bert-whitening-pca,ag-news-bert-whitening-pca-bilstm,save\ag-news-bert-whitening-pca\ag-news-bert-whitening-pca-bilstm\summary_efficiency_100.csv,100
100,3,,Total,3817.730136156082,420.67822265625,ag-news-bert-whitening-pca,ag-news-bert-whitening-pca-bilstm,save\ag-news-bert-whitening-pca\ag-news-bert-whitening-pca-bilstm\summary_efficiency_100.csv,100
20,0,20.0,Dataloader,195.7742886543274,463.82470703125,ag-news-bert-whitening-pca,ag-news-bert-whitening-pca-bilstm,save\ag-news-bert-whitening-pca\ag-news-bert-whitening-pca-bilstm\summary_efficiency_20.csv,20
20,1,20.0,Train,143.17284107208252,421.48291015625,ag-news-bert-whitening-pca,ag-news-bert-whitening-pca-bilstm,save\ag-news-bert-whitening-pca\ag-news-bert-whitening-pca-bilstm\summary_efficiency_20.csv,20
20,2,20.0,Test,3.0148813724517822,420.67822265625,ag-news-bert-whitening-pca,ag-news-bert-whitening-pca-bilstm,save\ag-news-bert-whitening-pca\ag-news-bert-whitening-pca-bilstm\summary_efficiency_20.csv,20
20,3,,Total,341.9620110988617,420.67822265625,ag-news-bert-whitening-pca,ag-news-bert-whitening-pca-bilstm,save\ag-news-bert-whitening-pca\ag-news-bert-whitening-pca-bilstm\summary_efficiency_20.csv,20
30,0,30.0,Dataloader,292.3160603046417,463.82470703125,ag-news-bert-whitening-pca,ag-news-bert-whitening-pca-bilstm,save\ag-news-bert-whitening-pca\ag-news-bert-whitening-pca-bilstm\summary_efficiency_30.csv,30
30,1,30.0,Train,289.42227482795715,421.48291015625,ag-news-bert-whitening-pca,ag-news-bert-whitening-pca-bilstm,save\ag-news-bert-whitening-pca\ag-news-bert-whitening-pca-bilstm\summary_efficiency_30.csv,30
30,2,30.0,Test,6.079045295715332,420.67822265625,ag-news-bert-whitening-pca,ag-news-bert-whitening-pca-bilstm,save\ag-news-bert-whitening-pca\ag-news-bert-whitening-pca-bilstm\summary_efficiency_30.csv,30
30,3,,Total,587.8173804283142,420.67822265625,ag-news-bert-whitening-pca,ag-news-bert-whitening-pca-bilstm,save\ag-news-bert-whitening-pca\ag-news-bert-whitening-pca-bilstm\summary_efficiency_30.csv,30
40,0,40.0,Dataloader,389.1957528591156,464.53662109375,ag-news-bert-whitening-pca,ag-news-bert-whitening-pca-bilstm,save\ag-news-bert-whitening-pca\ag-news-bert-whitening-pca-bilstm\summary_efficiency_40.csv,40
40,1,40.0,Train,483.1645612716675,421.48291015625,ag-news-bert-whitening-pca,ag-news-bert-whitening-pca-bilstm,save\ag-news-bert-whitening-pca\ag-news-bert-whitening-pca-bilstm\summary_efficiency_40.csv,40
40,2,40.0,Test,10.052299737930298,420.67822265625,ag-news-bert-whitening-pca,ag-news-bert-whitening-pca-bilstm,save\ag-news-bert-whitening-pca\ag-news-bert-whitening-pca-bilstm\summary_efficiency_40.csv,40
40,3,,Total,882.4126138687134,420.67822265625,ag-news-bert-whitening-pca,ag-news-bert-whitening-pca-bilstm,save\ag-news-bert-whitening-pca\ag-news-bert-whitening-pca-bilstm\summary_efficiency_40.csv,40
50,0,50.0,Dataloader,499.5038757324219,464.53662109375,ag-news-bert-whitening-pca,ag-news-bert-whitening-pca-bilstm,save\ag-news-bert-whitening-pca\ag-news-bert-whitening-pca-bilstm\summary_efficiency_50.csv,50
50,1,50.0,Train,741.0298507213593,421.48291015625,ag-news-bert-whitening-pca,ag-news-bert-whitening-pca-bilstm,save\ag-news-bert-whitening-pca\ag-news-bert-whitening-pca-bilstm\summary_efficiency_50.csv,50
50,2,50.0,Test,15.215055465698242,420.67822265625,ag-news-bert-whitening-pca,ag-news-bert-whitening-pca-bilstm,save\ag-news-bert-whitening-pca\ag-news-bert-whitening-pca-bilstm\summary_efficiency_50.csv,50
50,3,,Total,1255.7487819194794,420.67822265625,ag-news-bert-whitening-pca,ag-news-bert-whitening-pca-bilstm,save\ag-news-bert-whitening-pca\ag-news-bert-whitening-pca-bilstm\summary_efficiency_50.csv,50
60,0,60.0,Dataloader,588.6602823734283,464.53662109375,ag-news-bert-whitening-pca,ag-news-bert-whitening-pca-bilstm,save\ag-news-bert-whitening-pca\ag-news-bert-whitening-pca-bilstm\summary_efficiency_60.csv,60
60,1,60.0,Train,1032.3370327949524,421.48291015625,ag-news-bert-whitening-pca,ag-news-bert-whitening-pca-bilstm,save\ag-news-bert-whitening-pca\ag-news-bert-whitening-pca-bilstm\summary_efficiency_60.csv,60
60,2,60.0,Test,21.030202388763428,420.67822265625,ag-news-bert-whitening-pca,ag-news-bert-whitening-pca-bilstm,save\ag-news-bert-whitening-pca\ag-news-bert-whitening-pca-bilstm\summary_efficiency_60.csv,60
60,3,,Total,1642.0275175571442,420.67822265625,ag-news-bert-whitening-pca,ag-news-bert-whitening-pca-bilstm,save\ag-news-bert-whitening-pca\ag-news-bert-whitening-pca-bilstm\summary_efficiency_60.csv,60
70,0,70.0,Dataloader,681.8121385574341,464.53662109375,ag-news-bert-whitening-pca,ag-news-bert-whitening-pca-bilstm,save\ag-news-bert-whitening-pca\ag-news-bert-whitening-pca-bilstm\summary_efficiency_70.csv,70
70,1,70.0,Train,1383.4544138908386,421.48291015625,ag-news-bert-whitening-pca,ag-news-bert-whitening-pca-bilstm,save\ag-news-bert-whitening-pca\ag-news-bert-whitening-pca-bilstm\summary_efficiency_70.csv,70
70,2,70.0,Test,27.86629366874695,420.67822265625,ag-news-bert-whitening-pca,ag-news-bert-whitening-pca-bilstm,save\ag-news-bert-whitening-pca\ag-news-bert-whitening-pca-bilstm\summary_efficiency_70.csv,70
70,3,,Total,2093.13284611702,420.67822265625,ag-news-bert-whitening-pca,ag-news-bert-whitening-pca-bilstm,save\ag-news-bert-whitening-pca\ag-news-bert-whitening-pca-bilstm\summary_efficiency_70.csv,70
80,0,80.0,Dataloader,790.9244108200073,465.40673828125,ag-news-bert-whitening-pca,ag-news-bert-whitening-pca-bilstm,save\ag-news-bert-whitening-pca\ag-news-bert-whitening-pca-bilstm\summary_efficiency_80.csv,80
80,1,80.0,Train,1782.6575894355774,421.48291015625,ag-news-bert-whitening-pca,ag-news-bert-whitening-pca-bilstm,save\ag-news-bert-whitening-pca\ag-news-bert-whitening-pca-bilstm\summary_efficiency_80.csv,80
80,2,80.0,Test,36.309542417526245,420.67822265625,ag-news-bert-whitening-pca,ag-news-bert-whitening-pca-bilstm,save\ag-news-bert-whitening-pca\ag-news-bert-whitening-pca-bilstm\summary_efficiency_80.csv,80
80,3,,Total,2609.891542673111,420.67822265625,ag-news-bert-whitening-pca,ag-news-bert-whitening-pca-bilstm,save\ag-news-bert-whitening-pca\ag-news-bert-whitening-pca-bilstm\summary_efficiency_80.csv,80
90,0,90.0,Dataloader,874.4967658519745,465.40673828125,ag-news-bert-whitening-pca,ag-news-bert-whitening-pca-bilstm,save\ag-news-bert-whitening-pca\ag-news-bert-whitening-pca-bilstm\summary_efficiency_90.csv,90
90,1,90.0,Train,2237.6142416000366,421.48291015625,ag-news-bert-whitening-pca,ag-news-bert-whitening-pca-bilstm,save\ag-news-bert-whitening-pca\ag-news-bert-whitening-pca-bilstm\summary_efficiency_90.csv,90
90,2,90.0,Test,45.1173586845398,420.67822265625,ag-news-bert-whitening-pca,ag-news-bert-whitening-pca-bilstm,save\ag-news-bert-whitening-pca\ag-news-bert-whitening-pca-bilstm\summary_efficiency_90.csv,90
90,3,,Total,3157.228366136551,420.67822265625,ag-news-bert-whitening-pca,ag-news-bert-whitening-pca-bilstm,save\ag-news-bert-whitening-pca\ag-news-bert-whitening-pca-bilstm\summary_efficiency_90.csv,90
10,0,10.0,Dataloader,99.93698382377625,463.50830078125,ag-news-bert-whitening-pca,ag-news-bert-whitening-pca-mlp,save\ag-news-bert-whitening-pca\ag-news-bert-whitening-pca-mlp\summary_efficiency_10.csv,10
10,1,10.0,Train,38.880202770233154,418.818359375,ag-news-bert-whitening-pca,ag-news-bert-whitening-pca-mlp,save\ag-news-bert-whitening-pca\ag-news-bert-whitening-pca-mlp\summary_efficiency_10.csv,10
10,2,10.0,Test,1.0085275173187256,418.759765625,ag-news-bert-whitening-pca,ag-news-bert-whitening-pca-mlp,save\ag-news-bert-whitening-pca\ag-news-bert-whitening-pca-mlp\summary_efficiency_10.csv,10
10,3,,Total,139.82571411132812,418.759765625,ag-news-bert-whitening-pca,ag-news-bert-whitening-pca-mlp,save\ag-news-bert-whitening-pca\ag-news-bert-whitening-pca-mlp\summary_efficiency_10.csv,10
100,0,100.0,Dataloader,963.8711833953856,465.40673828125,ag-news-bert-whitening-pca,ag-news-bert-whitening-pca-mlp,save\ag-news-bert-whitening-pca\ag-news-bert-whitening-pca-mlp\summary_efficiency_100.csv,100
100,1,100.0,Train,2667.6592128276825,418.818359375,ag-news-bert-whitening-pca,ag-news-bert-whitening-pca-mlp,save\ag-news-bert-whitening-pca\ag-news-bert-whitening-pca-mlp\summary_efficiency_100.csv,100
100,2,100.0,Test,54.28012251853943,418.759765625,ag-news-bert-whitening-pca,ag-news-bert-whitening-pca-mlp,save\ag-news-bert-whitening-pca\ag-news-bert-whitening-pca-mlp\summary_efficiency_100.csv,100
100,3,,Total,3685.810518741608,418.759765625,ag-news-bert-whitening-pca,ag-news-bert-whitening-pca-mlp,save\ag-news-bert-whitening-pca\ag-news-bert-whitening-pca-mlp\summary_efficiency_100.csv,100
20,0,20.0,Dataloader,197.13468074798584,463.82470703125,ag-news-bert-whitening-pca,ag-news-bert-whitening-pca-mlp,save\ag-news-bert-whitening-pca\ag-news-bert-whitening-pca-mlp\summary_efficiency_20.csv,20
20,1,20.0,Train,128.6052634716034,418.818359375,ag-news-bert-whitening-pca,ag-news-bert-whitening-pca-mlp,save\ag-news-bert-whitening-pca\ag-news-bert-whitening-pca-mlp\summary_efficiency_20.csv,20
20,2,20.0,Test,2.9403200149536133,418.759765625,ag-news-bert-whitening-pca,ag-news-bert-whitening-pca-mlp,save\ag-news-bert-whitening-pca\ag-news-bert-whitening-pca-mlp\summary_efficiency_20.csv,20
20,3,,Total,328.68026423454285,418.759765625,ag-news-bert-whitening-pca,ag-news-bert-whitening-pca-mlp,save\ag-news-bert-whitening-pca\ag-news-bert-whitening-pca-mlp\summary_efficiency_20.csv,20
30,0,30.0,Dataloader,282.37967133522034,463.82470703125,ag-news-bert-whitening-pca,ag-news-bert-whitening-pca-mlp,save\ag-news-bert-whitening-pca\ag-news-bert-whitening-pca-mlp\summary_efficiency_30.csv,30
30,1,30.0,Train,264.3017604351044,418.818359375,ag-news-bert-whitening-pca,ag-news-bert-whitening-pca-mlp,save\ag-news-bert-whitening-pca\ag-news-bert-whitening-pca-mlp\summary_efficiency_30.csv,30
30,2,30.0,Test,5.82588529586792,418.759765625,ag-news-bert-whitening-pca,ag-news-bert-whitening-pca-mlp,save\ag-news-bert-whitening-pca\ag-news-bert-whitening-pca-mlp\summary_efficiency_30.csv,30
30,3,,Total,552.5073170661926,418.759765625,ag-news-bert-whitening-pca,ag-news-bert-whitening-pca-mlp,save\ag-news-bert-whitening-pca\ag-news-bert-whitening-pca-mlp\summary_efficiency_30.csv,30
40,0,40.0,Dataloader,388.8192138671875,464.53662109375,ag-news-bert-whitening-pca,ag-news-bert-whitening-pca-mlp,save\ag-news-bert-whitening-pca\ag-news-bert-whitening-pca-mlp\summary_efficiency_40.csv,40
40,1,40.0,Train,452.5247480869293,418.818359375,ag-news-bert-whitening-pca,ag-news-bert-whitening-pca-mlp,save\ag-news-bert-whitening-pca\ag-news-bert-whitening-pca-mlp\summary_efficiency_40.csv,40
40,2,40.0,Test,9.765040636062622,418.759765625,ag-news-bert-whitening-pca,ag-news-bert-whitening-pca-mlp,save\ag-news-bert-whitening-pca\ag-news-bert-whitening-pca-mlp\summary_efficiency_40.csv,40
40,3,,Total,851.1090025901794,418.759765625,ag-news-bert-whitening-pca,ag-news-bert-whitening-pca-mlp,save\ag-news-bert-whitening-pca\ag-news-bert-whitening-pca-mlp\summary_efficiency_40.csv,40
50,0,50.0,Dataloader,487.5838577747345,464.53662109375,ag-news-bert-whitening-pca,ag-news-bert-whitening-pca-mlp,save\ag-news-bert-whitening-pca\ag-news-bert-whitening-pca-mlp\summary_efficiency_50.csv,50
50,1,50.0,Train,689.5593214035034,418.818359375,ag-news-bert-whitening-pca,ag-news-bert-whitening-pca-mlp,save\ag-news-bert-whitening-pca\ag-news-bert-whitening-pca-mlp\summary_efficiency_50.csv,50
50,2,50.0,Test,14.640284776687622,418.759765625,ag-news-bert-whitening-pca,ag-news-bert-whitening-pca-mlp,save\ag-news-bert-whitening-pca\ag-news-bert-whitening-pca-mlp\summary_efficiency_50.csv,50
50,3,,Total,1191.7834639549255,418.759765625,ag-news-bert-whitening-pca,ag-news-bert-whitening-pca-mlp,save\ag-news-bert-whitening-pca\ag-news-bert-whitening-pca-mlp\summary_efficiency_50.csv,50
60,0,60.0,Dataloader,593.6057062149048,464.53662109375,ag-news-bert-whitening-pca,ag-news-bert-whitening-pca-mlp,save\ag-news-bert-whitening-pca\ag-news-bert-whitening-pca-mlp\summary_efficiency_60.csv,60
60,1,60.0,Train,983.7496190071106,418.818359375,ag-news-bert-whitening-pca,ag-news-bert-whitening-pca-mlp,save\ag-news-bert-whitening-pca\ag-news-bert-whitening-pca-mlp\summary_efficiency_60.csv,60
60,2,60.0,Test,20.35024929046631,418.759765625,ag-news-bert-whitening-pca,ag-news-bert-whitening-pca-mlp,save\ag-news-bert-whitening-pca\ag-news-bert-whitening-pca-mlp\summary_efficiency_60.csv,60
60,3,,Total,1597.7055745124817,418.759765625,ag-news-bert-whitening-pca,ag-news-bert-whitening-pca-mlp,save\ag-news-bert-whitening-pca\ag-news-bert-whitening-pca-mlp\summary_efficiency_60.csv,60
70,0,70.0,Dataloader,691.2914922237396,464.53662109375,ag-news-bert-whitening-pca,ag-news-bert-whitening-pca-mlp,save\ag-news-bert-whitening-pca\ag-news-bert-whitening-pca-mlp\summary_efficiency_70.csv,70
70,1,70.0,Train,1320.8332455158234,418.818359375,ag-news-bert-whitening-pca,ag-news-bert-whitening-pca-mlp,save\ag-news-bert-whitening-pca\ag-news-bert-whitening-pca-mlp\summary_efficiency_70.csv,70
70,2,70.0,Test,27.154662609100345,418.759765625,ag-news-bert-whitening-pca,ag-news-bert-whitening-pca-mlp,save\ag-news-bert-whitening-pca\ag-news-bert-whitening-pca-mlp\summary_efficiency_70.csv,70
70,3,,Total,2039.2794003486636,418.759765625,ag-news-bert-whitening-pca,ag-news-bert-whitening-pca-mlp,save\ag-news-bert-whitening-pca\ag-news-bert-whitening-pca-mlp\summary_efficiency_70.csv,70
80,0,80.0,Dataloader,774.6692540645599,465.40673828125,ag-news-bert-whitening-pca,ag-news-bert-whitening-pca-mlp,save\ag-news-bert-whitening-pca\ag-news-bert-whitening-pca-mlp\summary_efficiency_80.csv,80
80,1,80.0,Train,1727.6391892433169,418.818359375,ag-news-bert-whitening-pca,ag-news-bert-whitening-pca-mlp,save\ag-news-bert-whitening-pca\ag-news-bert-whitening-pca-mlp\summary_efficiency_80.csv,80
80,2,80.0,Test,35.380820751190186,418.759765625,ag-news-bert-whitening-pca,ag-news-bert-whitening-pca-mlp,save\ag-news-bert-whitening-pca\ag-news-bert-whitening-pca-mlp\summary_efficiency_80.csv,80
80,3,,Total,2537.6892640590668,418.759765625,ag-news-bert-whitening-pca,ag-news-bert-whitening-pca-mlp,save\ag-news-bert-whitening-pca\ag-news-bert-whitening-pca-mlp\summary_efficiency_80.csv,80
90,0,90.0,Dataloader,879.0267477035522,465.40673828125,ag-news-bert-whitening-pca,ag-news-bert-whitening-pca-mlp,save\ag-news-bert-whitening-pca\ag-news-bert-whitening-pca-mlp\summary_efficiency_90.csv,90
90,1,90.0,Train,2160.3208124637604,418.818359375,ag-news-bert-whitening-pca,ag-news-bert-whitening-pca-mlp,save\ag-news-bert-whitening-pca\ag-news-bert-whitening-pca-mlp\summary_efficiency_90.csv,90
90,2,90.0,Test,44.423407316207886,418.759765625,ag-news-bert-whitening-pca,ag-news-bert-whitening-pca-mlp,save\ag-news-bert-whitening-pca\ag-news-bert-whitening-pca-mlp\summary_efficiency_90.csv,90
90,3,,Total,3083.7709674835205,418.759765625,ag-news-bert-whitening-pca,ag-news-bert-whitening-pca-mlp,save\ag-news-bert-whitening-pca\ag-news-bert-whitening-pca-mlp\summary_efficiency_90.csv,90
10,0,10.0,Dataloader,102.44106888771056,463.50830078125,ag-news-bert-whitening-svd,ag-news-bert-whitening-svd-bilstm,save\ag-news-bert-whitening-svd\ag-news-bert-whitening-svd-bilstm\summary_efficiency_10.csv,10
10,1,10.0,Train,46.80504250526428,421.48291015625,ag-news-bert-whitening-svd,ag-news-bert-whitening-svd-bilstm,save\ag-news-bert-whitening-svd\ag-news-bert-whitening-svd-bilstm\summary_efficiency_10.csv,10
10,2,10.0,Test,1.0051651000976562,420.67822265625,ag-news-bert-whitening-svd,ag-news-bert-whitening-svd-bilstm,save\ag-news-bert-whitening-svd\ag-news-bert-whitening-svd-bilstm\summary_efficiency_10.csv,10
10,3,,Total,150.2512764930725,420.67822265625,ag-news-bert-whitening-svd,ag-news-bert-whitening-svd-bilstm,save\ag-news-bert-whitening-svd\ag-news-bert-whitening-svd-bilstm\summary_efficiency_10.csv,10
100,0,100.0,Dataloader,970.2042038440704,465.40673828125,ag-news-bert-whitening-svd,ag-news-bert-whitening-svd-bilstm,save\ag-news-bert-whitening-svd\ag-news-bert-whitening-svd-bilstm\summary_efficiency_100.csv,100
100,1,100.0,Train,2732.843840360641,421.48291015625,ag-news-bert-whitening-svd,ag-news-bert-whitening-svd-bilstm,save\ag-news-bert-whitening-svd\ag-news-bert-whitening-svd-bilstm\summary_efficiency_100.csv,100
100,2,100.0,Test,54.71933126449585,420.67822265625,ag-news-bert-whitening-svd,ag-news-bert-whitening-svd-bilstm,save\ag-news-bert-whitening-svd\ag-news-bert-whitening-svd-bilstm\summary_efficiency_100.csv,100
100,3,,Total,3757.767375469208,420.67822265625,ag-news-bert-whitening-svd,ag-news-bert-whitening-svd-bilstm,save\ag-news-bert-whitening-svd\ag-news-bert-whitening-svd-bilstm\summary_efficiency_100.csv,100
20,0,20.0,Dataloader,204.37945556640625,463.82470703125,ag-news-bert-whitening-svd,ag-news-bert-whitening-svd-bilstm,save\ag-news-bert-whitening-svd\ag-news-bert-whitening-svd-bilstm\summary_efficiency_20.csv,20
20,1,20.0,Train,143.3054645061493,421.48291015625,ag-news-bert-whitening-svd,ag-news-bert-whitening-svd-bilstm,save\ag-news-bert-whitening-svd\ag-news-bert-whitening-svd-bilstm\summary_efficiency_20.csv,20
20,2,20.0,Test,3.0042998790740967,420.67822265625,ag-news-bert-whitening-svd,ag-news-bert-whitening-svd-bilstm,save\ag-news-bert-whitening-svd\ag-news-bert-whitening-svd-bilstm\summary_efficiency_20.csv,20
20,3,,Total,350.68921995162964,420.67822265625,ag-news-bert-whitening-svd,ag-news-bert-whitening-svd-bilstm,save\ag-news-bert-whitening-svd\ag-news-bert-whitening-svd-bilstm\summary_efficiency_20.csv,20
30,0,30.0,Dataloader,300.4498691558838,463.82470703125,ag-news-bert-whitening-svd,ag-news-bert-whitening-svd-bilstm,save\ag-news-bert-whitening-svd\ag-news-bert-whitening-svd-bilstm\summary_efficiency_30.csv,30
30,1,30.0,Train,283.9597005844116,421.48291015625,ag-news-bert-whitening-svd,ag-news-bert-whitening-svd-bilstm,save\ag-news-bert-whitening-svd\ag-news-bert-whitening-svd-bilstm\summary_efficiency_30.csv,30
30,2,30.0,Test,6.012264490127564,420.67822265625,ag-news-bert-whitening-svd,ag-news-bert-whitening-svd-bilstm,save\ag-news-bert-whitening-svd\ag-news-bert-whitening-svd-bilstm\summary_efficiency_30.csv,30
30,3,,Total,590.421834230423,420.67822265625,ag-news-bert-whitening-svd,ag-news-bert-whitening-svd-bilstm,save\ag-news-bert-whitening-svd\ag-news-bert-whitening-svd-bilstm\summary_efficiency_30.csv,30
40,0,40.0,Dataloader,380.1024649143219,464.53662109375,ag-news-bert-whitening-svd,ag-news-bert-whitening-svd-bilstm,save\ag-news-bert-whitening-svd\ag-news-bert-whitening-svd-bilstm\summary_efficiency_40.csv,40
40,1,40.0,Train,491.82987236976624,421.48291015625,ag-news-bert-whitening-svd,ag-news-bert-whitening-svd-bilstm,save\ag-news-bert-whitening-svd\ag-news-bert-whitening-svd-bilstm\summary_efficiency_40.csv,40
40,2,40.0,Test,10.180182695388794,420.67822265625,ag-news-bert-whitening-svd,ag-news-bert-whitening-svd-bilstm,save\ag-news-bert-whitening-svd\ag-news-bert-whitening-svd-bilstm\summary_efficiency_40.csv,40
40,3,,Total,882.1125199794769,420.67822265625,ag-news-bert-whitening-svd,ag-news-bert-whitening-svd-bilstm,save\ag-news-bert-whitening-svd\ag-news-bert-whitening-svd-bilstm\summary_efficiency_40.csv,40
50,0,50.0,Dataloader,476.9519853591919,464.53662109375,ag-news-bert-whitening-svd,ag-news-bert-whitening-svd-bilstm,save\ag-news-bert-whitening-svd\ag-news-bert-whitening-svd-bilstm\summary_efficiency_50.csv,50
50,1,50.0,Train,726.3799107074738,421.48291015625,ag-news-bert-whitening-svd,ag-news-bert-whitening-svd-bilstm,save\ag-news-bert-whitening-svd\ag-news-bert-whitening-svd-bilstm\summary_efficiency_50.csv,50
50,2,50.0,Test,15.012735366821287,420.67822265625,ag-news-bert-whitening-svd,ag-news-bert-whitening-svd-bilstm,save\ag-news-bert-whitening-svd\ag-news-bert-whitening-svd-bilstm\summary_efficiency_50.csv,50
50,3,,Total,1218.344631433487,420.67822265625,ag-news-bert-whitening-svd,ag-news-bert-whitening-svd-bilstm,save\ag-news-bert-whitening-svd\ag-news-bert-whitening-svd-bilstm\summary_efficiency_50.csv,50
60,0,60.0,Dataloader,574.967600107193,464.53662109375,ag-news-bert-whitening-svd,ag-news-bert-whitening-svd-bilstm,save\ag-news-bert-whitening-svd\ag-news-bert-whitening-svd-bilstm\summary_efficiency_60.csv,60
60,1,60.0,Train,1032.417175531387,421.48291015625,ag-news-bert-whitening-svd,ag-news-bert-whitening-svd-bilstm,save\ag-news-bert-whitening-svd\ag-news-bert-whitening-svd-bilstm\summary_efficiency_60.csv,60
60,2,60.0,Test,20.895164728164676,420.67822265625,ag-news-bert-whitening-svd,ag-news-bert-whitening-svd-bilstm,save\ag-news-bert-whitening-svd\ag-news-bert-whitening-svd-bilstm\summary_efficiency_60.csv,60
60,3,,Total,1628.279940366745,420.67822265625,ag-news-bert-whitening-svd,ag-news-bert-whitening-svd-bilstm,save\ag-news-bert-whitening-svd\ag-news-bert-whitening-svd-bilstm\summary_efficiency_60.csv,60
70,0,70.0,Dataloader,699.8093161582947,464.53662109375,ag-news-bert-whitening-svd,ag-news-bert-whitening-svd-bilstm,save\ag-news-bert-whitening-svd\ag-news-bert-whitening-svd-bilstm\summary_efficiency_70.csv,70
70,1,70.0,Train,1369.8099029064178,421.48291015625,ag-news-bert-whitening-svd,ag-news-bert-whitening-svd-bilstm,save\ag-news-bert-whitening-svd\ag-news-bert-whitening-svd-bilstm\summary_efficiency_70.csv,70
70,2,70.0,Test,27.779403924942017,420.67822265625,ag-news-bert-whitening-svd,ag-news-bert-whitening-svd-bilstm,save\ag-news-bert-whitening-svd\ag-news-bert-whitening-svd-bilstm\summary_efficiency_70.csv,70
70,3,,Total,2097.3986229896545,420.67822265625,ag-news-bert-whitening-svd,ag-news-bert-whitening-svd-bilstm,save\ag-news-bert-whitening-svd\ag-news-bert-whitening-svd-bilstm\summary_efficiency_70.csv,70
80,0,80.0,Dataloader,770.3694713115692,465.40673828125,ag-news-bert-whitening-svd,ag-news-bert-whitening-svd-bilstm,save\ag-news-bert-whitening-svd\ag-news-bert-whitening-svd-bilstm\summary_efficiency_80.csv,80
80,1,80.0,Train,1775.144615650177,421.48291015625,ag-news-bert-whitening-svd,ag-news-bert-whitening-svd-bilstm,save\ag-news-bert-whitening-svd\ag-news-bert-whitening-svd-bilstm\summary_efficiency_80.csv,80
80,2,80.0,Test,36.16016340255737,420.67822265625,ag-news-bert-whitening-svd,ag-news-bert-whitening-svd-bilstm,save\ag-news-bert-whitening-svd\ag-news-bert-whitening-svd-bilstm\summary_efficiency_80.csv,80
80,3,,Total,2581.674250364304,420.67822265625,ag-news-bert-whitening-svd,ag-news-bert-whitening-svd-bilstm,save\ag-news-bert-whitening-svd\ag-news-bert-whitening-svd-bilstm\summary_efficiency_80.csv,80
90,0,90.0,Dataloader,871.8759295940399,465.40673828125,ag-news-bert-whitening-svd,ag-news-bert-whitening-svd-bilstm,save\ag-news-bert-whitening-svd\ag-news-bert-whitening-svd-bilstm\summary_efficiency_90.csv,90
90,1,90.0,Train,2232.924490213394,421.48291015625,ag-news-bert-whitening-svd,ag-news-bert-whitening-svd-bilstm,save\ag-news-bert-whitening-svd\ag-news-bert-whitening-svd-bilstm\summary_efficiency_90.csv,90
90,2,90.0,Test,44.754719734191895,420.67822265625,ag-news-bert-whitening-svd,ag-news-bert-whitening-svd-bilstm,save\ag-news-bert-whitening-svd\ag-news-bert-whitening-svd-bilstm\summary_efficiency_90.csv,90
90,3,,Total,3149.555139541626,420.67822265625,ag-news-bert-whitening-svd,ag-news-bert-whitening-svd-bilstm,save\ag-news-bert-whitening-svd\ag-news-bert-whitening-svd-bilstm\summary_efficiency_90.csv,90
10,0,10.0,Dataloader,99.76556968688963,463.50830078125,ag-news-bert-whitening-svd,ag-news-bert-whitening-svd-mlp,save\ag-news-bert-whitening-svd\ag-news-bert-whitening-svd-mlp\summary_efficiency_10.csv,10
10,1,10.0,Train,39.24692225456238,418.818359375,ag-news-bert-whitening-svd,ag-news-bert-whitening-svd-mlp,save\ag-news-bert-whitening-svd\ag-news-bert-whitening-svd-mlp\summary_efficiency_10.csv,10
10,2,10.0,Test,0.9799766540527344,418.759765625,ag-news-bert-whitening-svd,ag-news-bert-whitening-svd-mlp,save\ag-news-bert-whitening-svd\ag-news-bert-whitening-svd-mlp\summary_efficiency_10.csv,10
10,3,,Total,139.99246859550476,418.759765625,ag-news-bert-whitening-svd,ag-news-bert-whitening-svd-mlp,save\ag-news-bert-whitening-svd\ag-news-bert-whitening-svd-mlp\summary_efficiency_10.csv,10
100,0,100.0,Dataloader,985.7034893035888,465.40673828125,ag-news-bert-whitening-svd,ag-news-bert-whitening-svd-mlp,save\ag-news-bert-whitening-svd\ag-news-bert-whitening-svd-mlp\summary_efficiency_100.csv,100
100,1,100.0,Train,2662.438727140426,418.818359375,ag-news-bert-whitening-svd,ag-news-bert-whitening-svd-mlp,save\ag-news-bert-whitening-svd\ag-news-bert-whitening-svd-mlp\summary_efficiency_100.csv,100
100,2,100.0,Test,53.94492745399475,418.759765625,ag-news-bert-whitening-svd,ag-news-bert-whitening-svd-mlp,save\ag-news-bert-whitening-svd\ag-news-bert-whitening-svd-mlp\summary_efficiency_100.csv,100
100,3,,Total,3702.08714389801,418.759765625,ag-news-bert-whitening-svd,ag-news-bert-whitening-svd-mlp,save\ag-news-bert-whitening-svd\ag-news-bert-whitening-svd-mlp\summary_efficiency_100.csv,100
20,0,20.0,Dataloader,208.1355264186859,463.82470703125,ag-news-bert-whitening-svd,ag-news-bert-whitening-svd-mlp,save\ag-news-bert-whitening-svd\ag-news-bert-whitening-svd-mlp\summary_efficiency_20.csv,20
20,1,20.0,Train,127.65015077590942,418.818359375,ag-news-bert-whitening-svd,ag-news-bert-whitening-svd-mlp,save\ag-news-bert-whitening-svd\ag-news-bert-whitening-svd-mlp\summary_efficiency_20.csv,20
20,2,20.0,Test,2.895052909851074,418.759765625,ag-news-bert-whitening-svd,ag-news-bert-whitening-svd-mlp,save\ag-news-bert-whitening-svd\ag-news-bert-whitening-svd-mlp\summary_efficiency_20.csv,20
20,3,,Total,338.6807301044464,418.759765625,ag-news-bert-whitening-svd,ag-news-bert-whitening-svd-mlp,save\ag-news-bert-whitening-svd\ag-news-bert-whitening-svd-mlp\summary_efficiency_20.csv,20
30,0,30.0,Dataloader,299.24988436698914,463.82470703125,ag-news-bert-whitening-svd,ag-news-bert-whitening-svd-mlp,save\ag-news-bert-whitening-svd\ag-news-bert-whitening-svd-mlp\summary_efficiency_30.csv,30
30,1,30.0,Train,265.6580898761749,418.818359375,ag-news-bert-whitening-svd,ag-news-bert-whitening-svd-mlp,save\ag-news-bert-whitening-svd\ag-news-bert-whitening-svd-mlp\summary_efficiency_30.csv,30
30,2,30.0,Test,5.829918384552002,418.759765625,ag-news-bert-whitening-svd,ag-news-bert-whitening-svd-mlp,save\ag-news-bert-whitening-svd\ag-news-bert-whitening-svd-mlp\summary_efficiency_30.csv,30
30,3,,Total,570.7378926277161,418.759765625,ag-news-bert-whitening-svd,ag-news-bert-whitening-svd-mlp,save\ag-news-bert-whitening-svd\ag-news-bert-whitening-svd-mlp\summary_efficiency_30.csv,30
40,0,40.0,Dataloader,402.1296739578247,464.53662109375,ag-news-bert-whitening-svd,ag-news-bert-whitening-svd-mlp,save\ag-news-bert-whitening-svd\ag-news-bert-whitening-svd-mlp\summary_efficiency_40.csv,40
40,1,40.0,Train,453.75939083099365,418.818359375,ag-news-bert-whitening-svd,ag-news-bert-whitening-svd-mlp,save\ag-news-bert-whitening-svd\ag-news-bert-whitening-svd-mlp\summary_efficiency_40.csv,40
40,2,40.0,Test,9.780501127243042,418.759765625,ag-news-bert-whitening-svd,ag-news-bert-whitening-svd-mlp,save\ag-news-bert-whitening-svd\ag-news-bert-whitening-svd-mlp\summary_efficiency_40.csv,40
40,3,,Total,865.6695659160614,418.759765625,ag-news-bert-whitening-svd,ag-news-bert-whitening-svd-mlp,save\ag-news-bert-whitening-svd\ag-news-bert-whitening-svd-mlp\summary_efficiency_40.csv,40
50,0,50.0,Dataloader,480.7099256515503,464.53662109375,ag-news-bert-whitening-svd,ag-news-bert-whitening-svd-mlp,save\ag-news-bert-whitening-svd\ag-news-bert-whitening-svd-mlp\summary_efficiency_50.csv,50
50,1,50.0,Train,692.1343190670013,418.818359375,ag-news-bert-whitening-svd,ag-news-bert-whitening-svd-mlp,save\ag-news-bert-whitening-svd\ag-news-bert-whitening-svd-mlp\summary_efficiency_50.csv,50
50,2,50.0,Test,14.82537841796875,418.759765625,ag-news-bert-whitening-svd,ag-news-bert-whitening-svd-mlp,save\ag-news-bert-whitening-svd\ag-news-bert-whitening-svd-mlp\summary_efficiency_50.csv,50
50,3,,Total,1187.6696231365204,418.759765625,ag-news-bert-whitening-svd,ag-news-bert-whitening-svd-mlp,save\ag-news-bert-whitening-svd\ag-news-bert-whitening-svd-mlp\summary_efficiency_50.csv,50
60,0,60.0,Dataloader,578.4198408126831,464.53662109375,ag-news-bert-whitening-svd,ag-news-bert-whitening-svd-mlp,save\ag-news-bert-whitening-svd\ag-news-bert-whitening-svd-mlp\summary_efficiency_60.csv,60
60,1,60.0,Train,982.0129375457764,418.818359375,ag-news-bert-whitening-svd,ag-news-bert-whitening-svd-mlp,save\ag-news-bert-whitening-svd\ag-news-bert-whitening-svd-mlp\summary_efficiency_60.csv,60
60,2,60.0,Test,20.18879008293152,418.759765625,ag-news-bert-whitening-svd,ag-news-bert-whitening-svd-mlp,save\ag-news-bert-whitening-svd\ag-news-bert-whitening-svd-mlp\summary_efficiency_60.csv,60
60,3,,Total,1580.621568441391,418.759765625,ag-news-bert-whitening-svd,ag-news-bert-whitening-svd-mlp,save\ag-news-bert-whitening-svd\ag-news-bert-whitening-svd-mlp\summary_efficiency_60.csv,60
70,0,70.0,Dataloader,696.029604434967,464.53662109375,ag-news-bert-whitening-svd,ag-news-bert-whitening-svd-mlp,save\ag-news-bert-whitening-svd\ag-news-bert-whitening-svd-mlp\summary_efficiency_70.csv,70
70,1,70.0,Train,1353.61079287529,418.818359375,ag-news-bert-whitening-svd,ag-news-bert-whitening-svd-mlp,save\ag-news-bert-whitening-svd\ag-news-bert-whitening-svd-mlp\summary_efficiency_70.csv,70
70,2,70.0,Test,27.878724575042725,418.759765625,ag-news-bert-whitening-svd,ag-news-bert-whitening-svd-mlp,save\ag-news-bert-whitening-svd\ag-news-bert-whitening-svd-mlp\summary_efficiency_70.csv,70
70,3,,Total,2077.5191218853,418.759765625,ag-news-bert-whitening-svd,ag-news-bert-whitening-svd-mlp,save\ag-news-bert-whitening-svd\ag-news-bert-whitening-svd-mlp\summary_efficiency_70.csv,70
80,0,80.0,Dataloader,774.996022939682,465.40673828125,ag-news-bert-whitening-svd,ag-news-bert-whitening-svd-mlp,save\ag-news-bert-whitening-svd\ag-news-bert-whitening-svd-mlp\summary_efficiency_80.csv,80
80,1,80.0,Train,1717.8339557647705,418.818359375,ag-news-bert-whitening-svd,ag-news-bert-whitening-svd-mlp,save\ag-news-bert-whitening-svd\ag-news-bert-whitening-svd-mlp\summary_efficiency_80.csv,80
80,2,80.0,Test,35.11998534202576,418.759765625,ag-news-bert-whitening-svd,ag-news-bert-whitening-svd-mlp,save\ag-news-bert-whitening-svd\ag-news-bert-whitening-svd-mlp\summary_efficiency_80.csv,80
80,3,,Total,2527.9499640464783,418.759765625,ag-news-bert-whitening-svd,ag-news-bert-whitening-svd-mlp,save\ag-news-bert-whitening-svd\ag-news-bert-whitening-svd-mlp\summary_efficiency_80.csv,80
90,0,90.0,Dataloader,874.429425239563,465.40673828125,ag-news-bert-whitening-svd,ag-news-bert-whitening-svd-mlp,save\ag-news-bert-whitening-svd\ag-news-bert-whitening-svd-mlp\summary_efficiency_90.csv,90
90,1,90.0,Train,2162.53453874588,418.818359375,ag-news-bert-whitening-svd,ag-news-bert-whitening-svd-mlp,save\ag-news-bert-whitening-svd\ag-news-bert-whitening-svd-mlp\summary_efficiency_90.csv,90
90,2,90.0,Test,44.024763345718384,418.759765625,ag-news-bert-whitening-svd,ag-news-bert-whitening-svd-mlp,save\ag-news-bert-whitening-svd\ag-news-bert-whitening-svd-mlp\summary_efficiency_90.csv,90
90,3,,Total,3080.988727331161,418.759765625,ag-news-bert-whitening-svd,ag-news-bert-whitening-svd-mlp,save\ag-news-bert-whitening-svd\ag-news-bert-whitening-svd-mlp\summary_efficiency_90.csv,90
10,0,10.0,Dataloader,96.97234678268433,463.50830078125,ag-news-bert-whitening-zca,ag-news-bert-whitening-zca-bilstm,save\ag-news-bert-whitening-zca\ag-news-bert-whitening-zca-bilstm\summary_efficiency_10.csv,10
10,1,10.0,Train,48.12564492225647,421.48291015625,ag-news-bert-whitening-zca,ag-news-bert-whitening-zca-bilstm,save\ag-news-bert-whitening-zca\ag-news-bert-whitening-zca-bilstm\summary_efficiency_10.csv,10
10,2,10.0,Test,1.069981813430786,420.67822265625,ag-news-bert-whitening-zca,ag-news-bert-whitening-zca-bilstm,save\ag-news-bert-whitening-zca\ag-news-bert-whitening-zca-bilstm\summary_efficiency_10.csv,10
10,3,,Total,146.16797351837158,420.67822265625,ag-news-bert-whitening-zca,ag-news-bert-whitening-zca-bilstm,save\ag-news-bert-whitening-zca\ag-news-bert-whitening-zca-bilstm\summary_efficiency_10.csv,10
100,0,100.0,Dataloader,958.314373254776,465.40673828125,ag-news-bert-whitening-zca,ag-news-bert-whitening-zca-bilstm,save\ag-news-bert-whitening-zca\ag-news-bert-whitening-zca-bilstm\summary_efficiency_100.csv,100
100,1,100.0,Train,2756.9086167812347,421.48291015625,ag-news-bert-whitening-zca,ag-news-bert-whitening-zca-bilstm,save\ag-news-bert-whitening-zca\ag-news-bert-whitening-zca-bilstm\summary_efficiency_100.csv,100
100,2,100.0,Test,54.40016555786133,420.67822265625,ag-news-bert-whitening-zca,ag-news-bert-whitening-zca-bilstm,save\ag-news-bert-whitening-zca\ag-news-bert-whitening-zca-bilstm\summary_efficiency_100.csv,100
100,3,,Total,3769.623155593872,420.67822265625,ag-news-bert-whitening-zca,ag-news-bert-whitening-zca-bilstm,save\ag-news-bert-whitening-zca\ag-news-bert-whitening-zca-bilstm\summary_efficiency_100.csv,100
20,0,20.0,Dataloader,194.60915803909305,463.82470703125,ag-news-bert-whitening-zca,ag-news-bert-whitening-zca-bilstm,save\ag-news-bert-whitening-zca\ag-news-bert-whitening-zca-bilstm\summary_efficiency_20.csv,20
20,1,20.0,Train,143.3704130649567,421.48291015625,ag-news-bert-whitening-zca,ag-news-bert-whitening-zca-bilstm,save\ag-news-bert-whitening-zca\ag-news-bert-whitening-zca-bilstm\summary_efficiency_20.csv,20
20,2,20.0,Test,3.0346951484680176,420.67822265625,ag-news-bert-whitening-zca,ag-news-bert-whitening-zca-bilstm,save\ag-news-bert-whitening-zca\ag-news-bert-whitening-zca-bilstm\summary_efficiency_20.csv,20
20,3,,Total,341.0142662525177,420.67822265625,ag-news-bert-whitening-zca,ag-news-bert-whitening-zca-bilstm,save\ag-news-bert-whitening-zca\ag-news-bert-whitening-zca-bilstm\summary_efficiency_20.csv,20
30,0,30.0,Dataloader,303.7018532752991,463.82470703125,ag-news-bert-whitening-zca,ag-news-bert-whitening-zca-bilstm,save\ag-news-bert-whitening-zca\ag-news-bert-whitening-zca-bilstm\summary_efficiency_30.csv,30
30,1,30.0,Train,287.2357361316681,421.48291015625,ag-news-bert-whitening-zca,ag-news-bert-whitening-zca-bilstm,save\ag-news-bert-whitening-zca\ag-news-bert-whitening-zca-bilstm\summary_efficiency_30.csv,30
30,2,30.0,Test,6.096165657043457,420.67822265625,ag-news-bert-whitening-zca,ag-news-bert-whitening-zca-bilstm,save\ag-news-bert-whitening-zca\ag-news-bert-whitening-zca-bilstm\summary_efficiency_30.csv,30
30,3,,Total,597.0337550640106,420.67822265625,ag-news-bert-whitening-zca,ag-news-bert-whitening-zca-bilstm,save\ag-news-bert-whitening-zca\ag-news-bert-whitening-zca-bilstm\summary_efficiency_30.csv,30
40,0,40.0,Dataloader,388.2771921157837,464.53662109375,ag-news-bert-whitening-zca,ag-news-bert-whitening-zca-bilstm,save\ag-news-bert-whitening-zca\ag-news-bert-whitening-zca-bilstm\summary_efficiency_40.csv,40
40,1,40.0,Train,485.74526596069336,421.48291015625,ag-news-bert-whitening-zca,ag-news-bert-whitening-zca-bilstm,save\ag-news-bert-whitening-zca\ag-news-bert-whitening-zca-bilstm\summary_efficiency_40.csv,40
40,2,40.0,Test,10.034948825836182,420.67822265625,ag-news-bert-whitening-zca,ag-news-bert-whitening-zca-bilstm,save\ag-news-bert-whitening-zca\ag-news-bert-whitening-zca-bilstm\summary_efficiency_40.csv,40
40,3,,Total,884.0574069023132,420.67822265625,ag-news-bert-whitening-zca,ag-news-bert-whitening-zca-bilstm,save\ag-news-bert-whitening-zca\ag-news-bert-whitening-zca-bilstm\summary_efficiency_40.csv,40
50,0,50.0,Dataloader,499.5701026916504,464.53662109375,ag-news-bert-whitening-zca,ag-news-bert-whitening-zca-bilstm,save\ag-news-bert-whitening-zca\ag-news-bert-whitening-zca-bilstm\summary_efficiency_50.csv,50
50,1,50.0,Train,725.4195418357849,421.48291015625,ag-news-bert-whitening-zca,ag-news-bert-whitening-zca-bilstm,save\ag-news-bert-whitening-zca\ag-news-bert-whitening-zca-bilstm\summary_efficiency_50.csv,50
50,2,50.0,Test,14.649709939956663,420.67822265625,ag-news-bert-whitening-zca,ag-news-bert-whitening-zca-bilstm,save\ag-news-bert-whitening-zca\ag-news-bert-whitening-zca-bilstm\summary_efficiency_50.csv,50
50,3,,Total,1239.639354467392,420.67822265625,ag-news-bert-whitening-zca,ag-news-bert-whitening-zca-bilstm,save\ag-news-bert-whitening-zca\ag-news-bert-whitening-zca-bilstm\summary_efficiency_50.csv,50
60,0,60.0,Dataloader,566.2301802635193,464.53662109375,ag-news-bert-whitening-zca,ag-news-bert-whitening-zca-bilstm,save\ag-news-bert-whitening-zca\ag-news-bert-whitening-zca-bilstm\summary_efficiency_60.csv,60
60,1,60.0,Train,1049.9265394210815,421.48291015625,ag-news-bert-whitening-zca,ag-news-bert-whitening-zca-bilstm,save\ag-news-bert-whitening-zca\ag-news-bert-whitening-zca-bilstm\summary_efficiency_60.csv,60
60,2,60.0,Test,21.08799433708191,420.67822265625,ag-news-bert-whitening-zca,ag-news-bert-whitening-zca-bilstm,save\ag-news-bert-whitening-zca\ag-news-bert-whitening-zca-bilstm\summary_efficiency_60.csv,60
60,3,,Total,1637.2447140216827,420.67822265625,ag-news-bert-whitening-zca,ag-news-bert-whitening-zca-bilstm,save\ag-news-bert-whitening-zca\ag-news-bert-whitening-zca-bilstm\summary_efficiency_60.csv,60
70,0,70.0,Dataloader,674.9097335338593,464.53662109375,ag-news-bert-whitening-zca,ag-news-bert-whitening-zca-bilstm,save\ag-news-bert-whitening-zca\ag-news-bert-whitening-zca-bilstm\summary_efficiency_70.csv,70
70,1,70.0,Train,1378.767563581467,421.48291015625,ag-news-bert-whitening-zca,ag-news-bert-whitening-zca-bilstm,save\ag-news-bert-whitening-zca\ag-news-bert-whitening-zca-bilstm\summary_efficiency_70.csv,70
70,2,70.0,Test,27.71007513999939,420.67822265625,ag-news-bert-whitening-zca,ag-news-bert-whitening-zca-bilstm,save\ag-news-bert-whitening-zca\ag-news-bert-whitening-zca-bilstm\summary_efficiency_70.csv,70
70,3,,Total,2081.3873722553253,420.67822265625,ag-news-bert-whitening-zca,ag-news-bert-whitening-zca-bilstm,save\ag-news-bert-whitening-zca\ag-news-bert-whitening-zca-bilstm\summary_efficiency_70.csv,70
80,0,80.0,Dataloader,759.4314942359924,465.40673828125,ag-news-bert-whitening-zca,ag-news-bert-whitening-zca-bilstm,save\ag-news-bert-whitening-zca\ag-news-bert-whitening-zca-bilstm\summary_efficiency_80.csv,80
80,1,80.0,Train,1777.3698625564575,421.48291015625,ag-news-bert-whitening-zca,ag-news-bert-whitening-zca-bilstm,save\ag-news-bert-whitening-zca\ag-news-bert-whitening-zca-bilstm\summary_efficiency_80.csv,80
80,2,80.0,Test,36.14352560043335,420.67822265625,ag-news-bert-whitening-zca,ag-news-bert-whitening-zca-bilstm,save\ag-news-bert-whitening-zca\ag-news-bert-whitening-zca-bilstm\summary_efficiency_80.csv,80
80,3,,Total,2572.9448823928838,420.67822265625,ag-news-bert-whitening-zca,ag-news-bert-whitening-zca-bilstm,save\ag-news-bert-whitening-zca\ag-news-bert-whitening-zca-bilstm\summary_efficiency_80.csv,80
90,0,90.0,Dataloader,877.4219644069672,465.40673828125,ag-news-bert-whitening-zca,ag-news-bert-whitening-zca-bilstm,save\ag-news-bert-whitening-zca\ag-news-bert-whitening-zca-bilstm\summary_efficiency_90.csv,90
90,1,90.0,Train,2233.809099674225,421.48291015625,ag-news-bert-whitening-zca,ag-news-bert-whitening-zca-bilstm,save\ag-news-bert-whitening-zca\ag-news-bert-whitening-zca-bilstm\summary_efficiency_90.csv,90
90,2,90.0,Test,44.83170008659363,420.67822265625,ag-news-bert-whitening-zca,ag-news-bert-whitening-zca-bilstm,save\ag-news-bert-whitening-zca\ag-news-bert-whitening-zca-bilstm\summary_efficiency_90.csv,90
90,3,,Total,3156.0627641677856,420.67822265625,ag-news-bert-whitening-zca,ag-news-bert-whitening-zca-bilstm,save\ag-news-bert-whitening-zca\ag-news-bert-whitening-zca-bilstm\summary_efficiency_90.csv,90
10,0,10.0,Dataloader,99.73724365234376,463.50830078125,ag-news-bert-whitening-zca,ag-news-bert-whitening-zca-mlp,save\ag-news-bert-whitening-zca\ag-news-bert-whitening-zca-mlp\summary_efficiency_10.csv,10
10,1,10.0,Train,38.97082495689392,418.818359375,ag-news-bert-whitening-zca,ag-news-bert-whitening-zca-mlp,save\ag-news-bert-whitening-zca\ag-news-bert-whitening-zca-mlp\summary_efficiency_10.csv,10
10,2,10.0,Test,0.9831433296203612,418.759765625,ag-news-bert-whitening-zca,ag-news-bert-whitening-zca-mlp,save\ag-news-bert-whitening-zca\ag-news-bert-whitening-zca-mlp\summary_efficiency_10.csv,10
10,3,,Total,139.69121193885803,418.759765625,ag-news-bert-whitening-zca,ag-news-bert-whitening-zca-mlp,save\ag-news-bert-whitening-zca\ag-news-bert-whitening-zca-mlp\summary_efficiency_10.csv,10
100,0,100.0,Dataloader,982.8728535175323,465.40673828125,ag-news-bert-whitening-zca,ag-news-bert-whitening-zca-mlp,save\ag-news-bert-whitening-zca\ag-news-bert-whitening-zca-mlp\summary_efficiency_100.csv,100
100,1,100.0,Train,2660.329067468643,418.818359375,ag-news-bert-whitening-zca,ag-news-bert-whitening-zca-mlp,save\ag-news-bert-whitening-zca\ag-news-bert-whitening-zca-mlp\summary_efficiency_100.csv,100
100,2,100.0,Test,54.549649238586426,418.759765625,ag-news-bert-whitening-zca,ag-news-bert-whitening-zca-mlp,save\ag-news-bert-whitening-zca\ag-news-bert-whitening-zca-mlp\summary_efficiency_100.csv,100
100,3,,Total,3697.751570224762,418.759765625,ag-news-bert-whitening-zca,ag-news-bert-whitening-zca-mlp,save\ag-news-bert-whitening-zca\ag-news-bert-whitening-zca-mlp\summary_efficiency_100.csv,100
20,0,20.0,Dataloader,206.89938855171204,463.82470703125,ag-news-bert-whitening-zca,ag-news-bert-whitening-zca-mlp,save\ag-news-bert-whitening-zca\ag-news-bert-whitening-zca-mlp\summary_efficiency_20.csv,20
20,1,20.0,Train,126.84404850006104,418.818359375,ag-news-bert-whitening-zca,ag-news-bert-whitening-zca-mlp,save\ag-news-bert-whitening-zca\ag-news-bert-whitening-zca-mlp\summary_efficiency_20.csv,20
20,2,20.0,Test,2.915858507156372,418.759765625,ag-news-bert-whitening-zca,ag-news-bert-whitening-zca-mlp,save\ag-news-bert-whitening-zca\ag-news-bert-whitening-zca-mlp\summary_efficiency_20.csv,20
20,3,,Total,336.65929555892944,418.759765625,ag-news-bert-whitening-zca,ag-news-bert-whitening-zca-mlp,save\ag-news-bert-whitening-zca\ag-news-bert-whitening-zca-mlp\summary_efficiency_20.csv,20
30,0,30.0,Dataloader,293.2348463535309,463.82470703125,ag-news-bert-whitening-zca,ag-news-bert-whitening-zca-mlp,save\ag-news-bert-whitening-zca\ag-news-bert-whitening-zca-mlp\summary_efficiency_30.csv,30
30,1,30.0,Train,264.7997057437897,418.818359375,ag-news-bert-whitening-zca,ag-news-bert-whitening-zca-mlp,save\ag-news-bert-whitening-zca\ag-news-bert-whitening-zca-mlp\summary_efficiency_30.csv,30
30,2,30.0,Test,5.950031757354736,418.759765625,ag-news-bert-whitening-zca,ag-news-bert-whitening-zca-mlp,save\ag-news-bert-whitening-zca\ag-news-bert-whitening-zca-mlp\summary_efficiency_30.csv,30
30,3,,Total,563.9845838546753,418.759765625,ag-news-bert-whitening-zca,ag-news-bert-whitening-zca-mlp,save\ag-news-bert-whitening-zca\ag-news-bert-whitening-zca-mlp\summary_efficiency_30.csv,30
40,0,40.0,Dataloader,390.2345662117005,464.53662109375,ag-news-bert-whitening-zca,ag-news-bert-whitening-zca-mlp,save\ag-news-bert-whitening-zca\ag-news-bert-whitening-zca-mlp\summary_efficiency_40.csv,40
40,1,40.0,Train,457.7300100326538,418.818359375,ag-news-bert-whitening-zca,ag-news-bert-whitening-zca-mlp,save\ag-news-bert-whitening-zca\ag-news-bert-whitening-zca-mlp\summary_efficiency_40.csv,40
40,2,40.0,Test,9.78779935836792,418.759765625,ag-news-bert-whitening-zca,ag-news-bert-whitening-zca-mlp,save\ag-news-bert-whitening-zca\ag-news-bert-whitening-zca-mlp\summary_efficiency_40.csv,40
40,3,,Total,857.7523756027222,418.759765625,ag-news-bert-whitening-zca,ag-news-bert-whitening-zca-mlp,save\ag-news-bert-whitening-zca\ag-news-bert-whitening-zca-mlp\summary_efficiency_40.csv,40
50,0,50.0,Dataloader,498.597678899765,464.53662109375,ag-news-bert-whitening-zca,ag-news-bert-whitening-zca-mlp,save\ag-news-bert-whitening-zca\ag-news-bert-whitening-zca-mlp\summary_efficiency_50.csv,50
50,1,50.0,Train,690.2133028507233,418.818359375,ag-news-bert-whitening-zca,ag-news-bert-whitening-zca-mlp,save\ag-news-bert-whitening-zca\ag-news-bert-whitening-zca-mlp\summary_efficiency_50.csv,50
50,2,50.0,Test,14.50495457649231,418.759765625,ag-news-bert-whitening-zca,ag-news-bert-whitening-zca-mlp,save\ag-news-bert-whitening-zca\ag-news-bert-whitening-zca-mlp\summary_efficiency_50.csv,50
50,3,,Total,1203.3159363269806,418.759765625,ag-news-bert-whitening-zca,ag-news-bert-whitening-zca-mlp,save\ag-news-bert-whitening-zca\ag-news-bert-whitening-zca-mlp\summary_efficiency_50.csv,50
60,0,60.0,Dataloader,591.2144372463226,464.53662109375,ag-news-bert-whitening-zca,ag-news-bert-whitening-zca-mlp,save\ag-news-bert-whitening-zca\ag-news-bert-whitening-zca-mlp\summary_efficiency_60.csv,60
60,1,60.0,Train,982.684846162796,418.818359375,ag-news-bert-whitening-zca,ag-news-bert-whitening-zca-mlp,save\ag-news-bert-whitening-zca\ag-news-bert-whitening-zca-mlp\summary_efficiency_60.csv,60
60,2,60.0,Test,20.41964673995972,418.759765625,ag-news-bert-whitening-zca,ag-news-bert-whitening-zca-mlp,save\ag-news-bert-whitening-zca\ag-news-bert-whitening-zca-mlp\summary_efficiency_60.csv,60
60,3,,Total,1594.3189301490784,418.759765625,ag-news-bert-whitening-zca,ag-news-bert-whitening-zca-mlp,save\ag-news-bert-whitening-zca\ag-news-bert-whitening-zca-mlp\summary_efficiency_60.csv,60
70,0,70.0,Dataloader,752.569210767746,464.53662109375,ag-news-bert-whitening-zca,ag-news-bert-whitening-zca-mlp,save\ag-news-bert-whitening-zca\ag-news-bert-whitening-zca-mlp\summary_efficiency_70.csv,70
70,1,70.0,Train,1324.289849281311,418.818359375,ag-news-bert-whitening-zca,ag-news-bert-whitening-zca-mlp,save\ag-news-bert-whitening-zca\ag-news-bert-whitening-zca-mlp\summary_efficiency_70.csv,70
70,2,70.0,Test,27.94986867904663,418.759765625,ag-news-bert-whitening-zca,ag-news-bert-whitening-zca-mlp,save\ag-news-bert-whitening-zca\ag-news-bert-whitening-zca-mlp\summary_efficiency_70.csv,70
70,3,,Total,2104.808928728104,418.759765625,ag-news-bert-whitening-zca,ag-news-bert-whitening-zca-mlp,save\ag-news-bert-whitening-zca\ag-news-bert-whitening-zca-mlp\summary_efficiency_70.csv,70
80,0,80.0,Dataloader,777.422926902771,465.40673828125,ag-news-bert-whitening-zca,ag-news-bert-whitening-zca-mlp,save\ag-news-bert-whitening-zca\ag-news-bert-whitening-zca-mlp\summary_efficiency_80.csv,80
80,1,80.0,Train,1713.599369764328,418.818359375,ag-news-bert-whitening-zca,ag-news-bert-whitening-zca-mlp,save\ag-news-bert-whitening-zca\ag-news-bert-whitening-zca-mlp\summary_efficiency_80.csv,80
80,2,80.0,Test,35.32993578910828,418.759765625,ag-news-bert-whitening-zca,ag-news-bert-whitening-zca-mlp,save\ag-news-bert-whitening-zca\ag-news-bert-whitening-zca-mlp\summary_efficiency_80.csv,80
80,3,,Total,2526.3522324562077,418.759765625,ag-news-bert-whitening-zca,ag-news-bert-whitening-zca-mlp,save\ag-news-bert-whitening-zca\ag-news-bert-whitening-zca-mlp\summary_efficiency_80.csv,80
90,0,90.0,Dataloader,891.3295714855194,465.40673828125,ag-news-bert-whitening-zca,ag-news-bert-whitening-zca-mlp,save\ag-news-bert-whitening-zca\ag-news-bert-whitening-zca-mlp\summary_efficiency_90.csv,90
90,1,90.0,Train,2162.9845027923584,418.818359375,ag-news-bert-whitening-zca,ag-news-bert-whitening-zca-mlp,save\ag-news-bert-whitening-zca\ag-news-bert-whitening-zca-mlp\summary_efficiency_90.csv,90
90,2,90.0,Test,44.09470558166504,418.759765625,ag-news-bert-whitening-zca,ag-news-bert-whitening-zca-mlp,save\ag-news-bert-whitening-zca\ag-news-bert-whitening-zca-mlp\summary_efficiency_90.csv,90
90,3,,Total,3098.408779859543,418.759765625,ag-news-bert-whitening-zca,ag-news-bert-whitening-zca-mlp,save\ag-news-bert-whitening-zca\ag-news-bert-whitening-zca-mlp\summary_efficiency_90.csv,90
10,0,10.0,Dataloader,0.2646803855895996,0.0,ag-news-normal,bert_benchmark,save\ag-news-normal\bert_benchmark\summary_efficiency_10.csv,10
10,1,10.0,Train,198.6560196876526,1139.8251953125,ag-news-normal,bert_benchmark,save\ag-news-normal\bert_benchmark\summary_efficiency_10.csv,10
10,2,10.0,Test,2.725425243377685,445.00927734375,ag-news-normal,bert_benchmark,save\ag-news-normal\bert_benchmark\summary_efficiency_10.csv,10
10,3,,Total,201.64612531661987,445.00927734375,ag-news-normal,bert_benchmark,save\ag-news-normal\bert_benchmark\summary_efficiency_10.csv,10
100,0,100.0,Dataloader,0.2099432945251464,0.0,ag-news-normal,bert_benchmark,save\ag-news-normal\bert_benchmark\summary_efficiency_100.csv,100
100,1,100.0,Train,5454.8569893836975,1200.8056640625,ag-news-normal,bert_benchmark,save\ag-news-normal\bert_benchmark\summary_efficiency_100.csv,100
100,2,100.0,Test,94.28706622123718,467.765625,ag-news-normal,bert_benchmark,save\ag-news-normal\bert_benchmark\summary_efficiency_100.csv,100
100,3,,Total,5549.35399889946,467.765625,ag-news-normal,bert_benchmark,save\ag-news-normal\bert_benchmark\summary_efficiency_100.csv,100
20,0,20.0,Dataloader,0.2099835872650146,0.0,ag-news-normal,bert_benchmark,save\ag-news-normal\bert_benchmark\summary_efficiency_20.csv,20
20,1,20.0,Train,461.49017548561096,1139.8251953125,ag-news-normal,bert_benchmark,save\ag-news-normal\bert_benchmark\summary_efficiency_20.csv,20
20,2,20.0,Test,6.6786956787109375,463.80810546875,ag-news-normal,bert_benchmark,save\ag-news-normal\bert_benchmark\summary_efficiency_20.csv,20
20,3,,Total,468.3788547515869,463.80810546875,ag-news-normal,bert_benchmark,save\ag-news-normal\bert_benchmark\summary_efficiency_20.csv,20
30,0,30.0,Dataloader,0.2066931724548339,0.0,ag-news-normal,bert_benchmark,save\ag-news-normal\bert_benchmark\summary_efficiency_30.csv,30
30,1,30.0,Train,795.19873046875,1139.8251953125,ag-news-normal,bert_benchmark,save\ag-news-normal\bert_benchmark\summary_efficiency_30.csv,30
30,2,30.0,Test,11.350308656692505,467.765625,ag-news-normal,bert_benchmark,save\ag-news-normal\bert_benchmark\summary_efficiency_30.csv,30
30,3,,Total,806.7557322978973,467.765625,ag-news-normal,bert_benchmark,save\ag-news-normal\bert_benchmark\summary_efficiency_30.csv,30
40,0,40.0,Dataloader,0.2077066898345947,0.0,ag-news-normal,bert_benchmark,save\ag-news-normal\bert_benchmark\summary_efficiency_40.csv,40
40,1,40.0,Train,1221.36163520813,1200.8056640625,ag-news-normal,bert_benchmark,save\ag-news-normal\bert_benchmark\summary_efficiency_40.csv,40
40,2,40.0,Test,17.575347900390625,467.765625,ag-news-normal,bert_benchmark,save\ag-news-normal\bert_benchmark\summary_efficiency_40.csv,40
40,3,,Total,1239.144689798355,467.765625,ag-news-normal,bert_benchmark,save\ag-news-normal\bert_benchmark\summary_efficiency_40.csv,40
50,0,50.0,Dataloader,0.2061066627502441,0.0,ag-news-normal,bert_benchmark,save\ag-news-normal\bert_benchmark\summary_efficiency_50.csv,50
50,1,50.0,Train,1752.7642376422882,1200.8056640625,ag-news-normal,bert_benchmark,save\ag-news-normal\bert_benchmark\summary_efficiency_50.csv,50
50,2,50.0,Test,24.773006200790405,467.765625,ag-news-normal,bert_benchmark,save\ag-news-normal\bert_benchmark\summary_efficiency_50.csv,50
50,3,,Total,1777.7433505058289,467.765625,ag-news-normal,bert_benchmark,save\ag-news-normal\bert_benchmark\summary_efficiency_50.csv,50
60,0,60.0,Dataloader,0.193507432937622,0.0,ag-news-normal,bert_benchmark,save\ag-news-normal\bert_benchmark\summary_efficiency_60.csv,60
60,1,60.0,Train,2369.147175550461,1200.8056640625,ag-news-normal,bert_benchmark,save\ag-news-normal\bert_benchmark\summary_efficiency_60.csv,60
60,2,60.0,Test,34.62982726097107,467.765625,ag-news-normal,bert_benchmark,save\ag-news-normal\bert_benchmark\summary_efficiency_60.csv,60
60,3,,Total,2403.970510244369,467.765625,ag-news-normal,bert_benchmark,save\ag-news-normal\bert_benchmark\summary_efficiency_60.csv,60
70,0,70.0,Dataloader,0.2102000713348388,0.0,ag-news-normal,bert_benchmark,save\ag-news-normal\bert_benchmark\summary_efficiency_70.csv,70
70,1,70.0,Train,3006.718627214432,1200.8056640625,ag-news-normal,bert_benchmark,save\ag-news-normal\bert_benchmark\summary_efficiency_70.csv,70
70,2,70.0,Test,47.1099853515625,467.765625,ag-news-normal,bert_benchmark,save\ag-news-normal\bert_benchmark\summary_efficiency_70.csv,70
70,3,,Total,3054.038812637329,467.765625,ag-news-normal,bert_benchmark,save\ag-news-normal\bert_benchmark\summary_efficiency_70.csv,70
80,0,80.0,Dataloader,0.209968090057373,0.0,ag-news-normal,bert_benchmark,save\ag-news-normal\bert_benchmark\summary_efficiency_80.csv,80
80,1,80.0,Train,3769.9765741825104,1200.8056640625,ag-news-normal,bert_benchmark,save\ag-news-normal\bert_benchmark\summary_efficiency_80.csv,80
80,2,80.0,Test,59.899192094802856,467.765625,ag-news-normal,bert_benchmark,save\ag-news-normal\bert_benchmark\summary_efficiency_80.csv,80
80,3,,Total,3830.0857343673706,467.765625,ag-news-normal,bert_benchmark,save\ag-news-normal\bert_benchmark\summary_efficiency_80.csv,80
90,0,90.0,Dataloader,0.2042245864868164,0.0,ag-news-normal,bert_benchmark,save\ag-news-normal\bert_benchmark\summary_efficiency_90.csv,90
90,1,90.0,Train,4562.85289645195,1200.8056640625,ag-news-normal,bert_benchmark,save\ag-news-normal\bert_benchmark\summary_efficiency_90.csv,90
90,2,90.0,Test,76.24174880981445,467.765625,ag-news-normal,bert_benchmark,save\ag-news-normal\bert_benchmark\summary_efficiency_90.csv,90
90,3,,Total,4639.298869848251,467.765625,ag-news-normal,bert_benchmark,save\ag-news-normal\bert_benchmark\summary_efficiency_90.csv,90
10,0,10.0,Dataloader,0.2022523880004882,0.0,ag-news-normal,distilbert_benchmark,save\ag-news-normal\distilbert_benchmark\summary_efficiency_10.csv,10
10,1,10.0,Train,195.51492023468015,1139.8251953125,ag-news-normal,distilbert_benchmark,save\ag-news-normal\distilbert_benchmark\summary_efficiency_10.csv,10
10,2,10.0,Test,2.4312667846679688,445.00927734375,ag-news-normal,distilbert_benchmark,save\ag-news-normal\distilbert_benchmark\summary_efficiency_10.csv,10
10,3,,Total,198.14843940734863,445.00927734375,ag-news-normal,distilbert_benchmark,save\ag-news-normal\distilbert_benchmark\summary_efficiency_10.csv,10
100,0,100.0,Dataloader,0.2620818614959717,0.0,ag-news-normal,distilbert_benchmark,save\ag-news-normal\distilbert_benchmark\summary_efficiency_100.csv,100
100,1,100.0,Train,5351.357526302338,1200.8056640625,ag-news-normal,distilbert_benchmark,save\ag-news-normal\distilbert_benchmark\summary_efficiency_100.csv,100
100,2,100.0,Test,94.65982031822205,467.765625,ag-news-normal,distilbert_benchmark,save\ag-news-normal\distilbert_benchmark\summary_efficiency_100.csv,100
100,3,,Total,5446.279428482056,467.765625,ag-news-normal,distilbert_benchmark,save\ag-news-normal\distilbert_benchmark\summary_efficiency_100.csv,100
20,0,20.0,Dataloader,0.2024953365325927,0.0,ag-news-normal,distilbert_benchmark,save\ag-news-normal\distilbert_benchmark\summary_efficiency_20.csv,20
20,1,20.0,Train,456.64499831199646,1139.8251953125,ag-news-normal,distilbert_benchmark,save\ag-news-normal\distilbert_benchmark\summary_efficiency_20.csv,20
20,2,20.0,Test,5.9598777294158936,463.80810546875,ag-news-normal,distilbert_benchmark,save\ag-news-normal\distilbert_benchmark\summary_efficiency_20.csv,20
20,3,,Total,462.80737137794495,463.80810546875,ag-news-normal,distilbert_benchmark,save\ag-news-normal\distilbert_benchmark\summary_efficiency_20.csv,20
30,0,30.0,Dataloader,0.202305793762207,0.0,ag-news-normal,distilbert_benchmark,save\ag-news-normal\distilbert_benchmark\summary_efficiency_30.csv,30
30,1,30.0,Train,779.4617507457733,1139.8251953125,ag-news-normal,distilbert_benchmark,save\ag-news-normal\distilbert_benchmark\summary_efficiency_30.csv,30
30,2,30.0,Test,11.012705326080322,467.765625,ag-news-normal,distilbert_benchmark,save\ag-news-normal\distilbert_benchmark\summary_efficiency_30.csv,30
30,3,,Total,790.6767618656158,467.765625,ag-news-normal,distilbert_benchmark,save\ag-news-normal\distilbert_benchmark\summary_efficiency_30.csv,30
40,0,40.0,Dataloader,0.2056150436401367,0.0,ag-news-normal,distilbert_benchmark,save\ag-news-normal\distilbert_benchmark\summary_efficiency_40.csv,40
40,1,40.0,Train,1205.9677233695984,1200.8056640625,ag-news-normal,distilbert_benchmark,save\ag-news-normal\distilbert_benchmark\summary_efficiency_40.csv,40
40,2,40.0,Test,17.043401956558228,467.765625,ag-news-normal,distilbert_benchmark,save\ag-news-normal\distilbert_benchmark\summary_efficiency_40.csv,40
40,3,,Total,1223.2167403697968,467.765625,ag-news-normal,distilbert_benchmark,save\ag-news-normal\distilbert_benchmark\summary_efficiency_40.csv,40
50,0,50.0,Dataloader,0.2000970840454101,0.0,ag-news-normal,distilbert_benchmark,save\ag-news-normal\distilbert_benchmark\summary_efficiency_50.csv,50
50,1,50.0,Train,1733.2221348285675,1200.8056640625,ag-news-normal,distilbert_benchmark,save\ag-news-normal\distilbert_benchmark\summary_efficiency_50.csv,50
50,2,50.0,Test,24.62063241004944,467.765625,ag-news-normal,distilbert_benchmark,save\ag-news-normal\distilbert_benchmark\summary_efficiency_50.csv,50
50,3,,Total,1758.0428643226624,467.765625,ag-news-normal,distilbert_benchmark,save\ag-news-normal\distilbert_benchmark\summary_efficiency_50.csv,50
60,0,60.0,Dataloader,0.2035889625549316,0.0,ag-news-normal,distilbert_benchmark,save\ag-news-normal\distilbert_benchmark\summary_efficiency_60.csv,60
60,1,60.0,Train,2329.4533762931824,1200.8056640625,ag-news-normal,distilbert_benchmark,save\ag-news-normal\distilbert_benchmark\summary_efficiency_60.csv,60
60,2,60.0,Test,35.145092725753784,467.765625,ag-news-normal,distilbert_benchmark,save\ag-news-normal\distilbert_benchmark\summary_efficiency_60.csv,60
60,3,,Total,2364.802057981491,467.765625,ag-news-normal,distilbert_benchmark,save\ag-news-normal\distilbert_benchmark\summary_efficiency_60.csv,60
70,0,70.0,Dataloader,0.2090141773223877,0.0,ag-news-normal,distilbert_benchmark,save\ag-news-normal\distilbert_benchmark\summary_efficiency_70.csv,70
70,1,70.0,Train,2990.3281490802765,1200.8056640625,ag-news-normal,distilbert_benchmark,save\ag-news-normal\distilbert_benchmark\summary_efficiency_70.csv,70
70,2,70.0,Test,44.00585532188416,467.765625,ag-news-normal,distilbert_benchmark,save\ag-news-normal\distilbert_benchmark\summary_efficiency_70.csv,70
70,3,,Total,3034.543018579483,467.765625,ag-news-normal,distilbert_benchmark,save\ag-news-normal\distilbert_benchmark\summary_efficiency_70.csv,70
80,0,80.0,Dataloader,0.2100732326507568,0.0,ag-news-normal,distilbert_benchmark,save\ag-news-normal\distilbert_benchmark\summary_efficiency_80.csv,80
80,1,80.0,Train,3785.154587984085,1200.8056640625,ag-news-normal,distilbert_benchmark,save\ag-news-normal\distilbert_benchmark\summary_efficiency_80.csv,80
80,2,80.0,Test,58.33548498153687,467.765625,ag-news-normal,distilbert_benchmark,save\ag-news-normal\distilbert_benchmark\summary_efficiency_80.csv,80
80,3,,Total,3843.7001461982727,467.765625,ag-news-normal,distilbert_benchmark,save\ag-news-normal\distilbert_benchmark\summary_efficiency_80.csv,80
90,0,90.0,Dataloader,0.2049558162689209,0.0,ag-news-normal,distilbert_benchmark,save\ag-news-normal\distilbert_benchmark\summary_efficiency_90.csv,90
90,1,90.0,Train,4535.2628519535065,1200.8056640625,ag-news-normal,distilbert_benchmark,save\ag-news-normal\distilbert_benchmark\summary_efficiency_90.csv,90
90,2,90.0,Test,77.6236503124237,467.765625,ag-news-normal,distilbert_benchmark,save\ag-news-normal\distilbert_benchmark\summary_efficiency_90.csv,90
90,3,,Total,4613.091458082199,467.765625,ag-news-normal,distilbert_benchmark,save\ag-news-normal\distilbert_benchmark\summary_efficiency_90.csv,90
10,0,10.0,Dataloader,0.2297868728637695,0.0,ag-news-normal,roberta_benchmark,save\ag-news-normal\roberta_benchmark\summary_efficiency_10.csv,10
10,1,10.0,Train,176.55168747901917,1113.73095703125,ag-news-normal,roberta_benchmark,save\ag-news-normal\roberta_benchmark\summary_efficiency_10.csv,10
10,2,10.0,Test,2.380300521850586,501.26171875,ag-news-normal,roberta_benchmark,save\ag-news-normal\roberta_benchmark\summary_efficiency_10.csv,10
10,3,,Total,179.16177487373352,501.26171875,ag-news-normal,roberta_benchmark,save\ag-news-normal\roberta_benchmark\summary_efficiency_10.csv,10
100,0,100.0,Dataloader,0.2049465179443359,0.0,ag-news-normal,roberta_benchmark,save\ag-news-normal\roberta_benchmark\summary_efficiency_100.csv,100
100,1,100.0,Train,5180.997434616089,1167.7314453125,ag-news-normal,roberta_benchmark,save\ag-news-normal\roberta_benchmark\summary_efficiency_100.csv,100
100,2,100.0,Test,89.35989022254944,521.48583984375,ag-news-normal,roberta_benchmark,save\ag-news-normal\roberta_benchmark\summary_efficiency_100.csv,100
100,3,,Total,5270.562271356583,521.48583984375,ag-news-normal,roberta_benchmark,save\ag-news-normal\roberta_benchmark\summary_efficiency_100.csv,100
20,0,20.0,Dataloader,0.2089605331420898,0.0,ag-news-normal,roberta_benchmark,save\ag-news-normal\roberta_benchmark\summary_efficiency_20.csv,20
20,1,20.0,Train,413.9400243759155,1113.73095703125,ag-news-normal,roberta_benchmark,save\ag-news-normal\roberta_benchmark\summary_efficiency_20.csv,20
20,2,20.0,Test,5.539717197418213,516.3076171875,ag-news-normal,roberta_benchmark,save\ag-news-normal\roberta_benchmark\summary_efficiency_20.csv,20
20,3,,Total,419.68870210647583,516.3076171875,ag-news-normal,roberta_benchmark,save\ag-news-normal\roberta_benchmark\summary_efficiency_20.csv,20
30,0,30.0,Dataloader,0.2102344036102295,0.0,ag-news-normal,roberta_benchmark,save\ag-news-normal\roberta_benchmark\summary_efficiency_30.csv,30
30,1,30.0,Train,731.4512629508972,1113.73095703125,ag-news-normal,roberta_benchmark,save\ag-news-normal\roberta_benchmark\summary_efficiency_30.csv,30
30,2,30.0,Test,11.039925813674929,521.48583984375,ag-news-normal,roberta_benchmark,save\ag-news-normal\roberta_benchmark\summary_efficiency_30.csv,30
30,3,,Total,742.7014231681824,521.48583984375,ag-news-normal,roberta_benchmark,save\ag-news-normal\roberta_benchmark\summary_efficiency_30.csv,30
40,0,40.0,Dataloader,0.2125327587127685,0.0,ag-news-normal,roberta_benchmark,save\ag-news-normal\roberta_benchmark\summary_efficiency_40.csv,40
40,1,40.0,Train,1141.7690160274506,1167.7314453125,ag-news-normal,roberta_benchmark,save\ag-news-normal\roberta_benchmark\summary_efficiency_40.csv,40
40,2,40.0,Test,16.81048011779785,521.48583984375,ag-news-normal,roberta_benchmark,save\ag-news-normal\roberta_benchmark\summary_efficiency_40.csv,40
40,3,,Total,1158.7920289039612,521.48583984375,ag-news-normal,roberta_benchmark,save\ag-news-normal\roberta_benchmark\summary_efficiency_40.csv,40
50,0,50.0,Dataloader,0.1995584964752197,0.0,ag-news-normal,roberta_benchmark,save\ag-news-normal\roberta_benchmark\summary_efficiency_50.csv,50
50,1,50.0,Train,1637.5446944236755,1167.7314453125,ag-news-normal,roberta_benchmark,save\ag-news-normal\roberta_benchmark\summary_efficiency_50.csv,50
50,2,50.0,Test,24.91520643234253,521.48583984375,ag-news-normal,roberta_benchmark,save\ag-news-normal\roberta_benchmark\summary_efficiency_50.csv,50
50,3,,Total,1662.6594593524933,521.48583984375,ag-news-normal,roberta_benchmark,save\ag-news-normal\roberta_benchmark\summary_efficiency_50.csv,50
60,0,60.0,Dataloader,0.2049171924591064,0.0,ag-news-normal,roberta_benchmark,save\ag-news-normal\roberta_benchmark\summary_efficiency_60.csv,60
60,1,60.0,Train,2216.615414381027,1167.7314453125,ag-news-normal,roberta_benchmark,save\ag-news-normal\roberta_benchmark\summary_efficiency_60.csv,60
60,2,60.0,Test,32.32589149475098,521.48583984375,ag-news-normal,roberta_benchmark,save\ag-news-normal\roberta_benchmark\summary_efficiency_60.csv,60
60,3,,Total,2249.1462230682373,521.48583984375,ag-news-normal,roberta_benchmark,save\ag-news-normal\roberta_benchmark\summary_efficiency_60.csv,60
70,0,70.0,Dataloader,0.2580776214599609,0.0,ag-news-normal,roberta_benchmark,save\ag-news-normal\roberta_benchmark\summary_efficiency_70.csv,70
70,1,70.0,Train,2878.6102743148804,1167.7314453125,ag-news-normal,roberta_benchmark,save\ag-news-normal\roberta_benchmark\summary_efficiency_70.csv,70
70,2,70.0,Test,44.2196831703186,521.48583984375,ag-news-normal,roberta_benchmark,save\ag-news-normal\roberta_benchmark\summary_efficiency_70.csv,70
70,3,,Total,2923.088035106659,521.48583984375,ag-news-normal,roberta_benchmark,save\ag-news-normal\roberta_benchmark\summary_efficiency_70.csv,70
80,0,80.0,Dataloader,0.2129368782043457,0.0,ag-news-normal,roberta_benchmark,save\ag-news-normal\roberta_benchmark\summary_efficiency_80.csv,80
80,1,80.0,Train,3584.842084646225,1167.7314453125,ag-news-normal,roberta_benchmark,save\ag-news-normal\roberta_benchmark\summary_efficiency_80.csv,80
80,2,80.0,Test,57.56373405456543,521.48583984375,ag-news-normal,roberta_benchmark,save\ag-news-normal\roberta_benchmark\summary_efficiency_80.csv,80
80,3,,Total,3642.6187555789943,521.48583984375,ag-news-normal,roberta_benchmark,save\ag-news-normal\roberta_benchmark\summary_efficiency_80.csv,80
90,0,90.0,Dataloader,0.2700767517089844,0.0,ag-news-normal,roberta_benchmark,save\ag-news-normal\roberta_benchmark\summary_efficiency_90.csv,90
90,1,90.0,Train,4366.25562953949,1167.7314453125,ag-news-normal,roberta_benchmark,save\ag-news-normal\roberta_benchmark\summary_efficiency_90.csv,90
90,2,90.0,Test,71.43867611885071,521.48583984375,ag-news-normal,roberta_benchmark,save\ag-news-normal\roberta_benchmark\summary_efficiency_90.csv,90
90,3,,Total,4437.964382410049,521.48583984375,ag-news-normal,roberta_benchmark,save\ag-news-normal\roberta_benchmark\summary_efficiency_90.csv,90
10,0,10.0,Dataloader,100.27988076210022,503.58349609375,ag-news-roberta-whitening-pca,ag-news-roberta-whitening-pca-bilstm,save\ag-news-roberta-whitening-pca\ag-news-roberta-whitening-pca-bilstm\summary_efficiency_10.csv,10
10,1,10.0,Train,46.93665933609009,479.48095703125,ag-news-roberta-whitening-pca,ag-news-roberta-whitening-pca-bilstm,save\ag-news-roberta-whitening-pca\ag-news-roberta-whitening-pca-bilstm\summary_efficiency_10.csv,10
10,2,10.0,Test,1.0530717372894287,478.67626953125,ag-news-roberta-whitening-pca,ag-news-roberta-whitening-pca-bilstm,save\ag-news-roberta-whitening-pca\ag-news-roberta-whitening-pca-bilstm\summary_efficiency_10.csv,10
10,3,,Total,148.26961183547974,478.67626953125,ag-news-roberta-whitening-pca,ag-news-roberta-whitening-pca-bilstm,save\ag-news-roberta-whitening-pca\ag-news-roberta-whitening-pca-bilstm\summary_efficiency_10.csv,10
100,0,100.0,Dataloader,928.4990742206572,522.33837890625,ag-news-roberta-whitening-pca,ag-news-roberta-whitening-pca-bilstm,save\ag-news-roberta-whitening-pca\ag-news-roberta-whitening-pca-bilstm\summary_efficiency_100.csv,100
100,1,100.0,Train,2768.2985470294952,479.48095703125,ag-news-roberta-whitening-pca,ag-news-roberta-whitening-pca-bilstm,save\ag-news-roberta-whitening-pca\ag-news-roberta-whitening-pca-bilstm\summary_efficiency_100.csv,100
100,2,100.0,Test,55.2501859664917,478.67626953125,ag-news-roberta-whitening-pca,ag-news-roberta-whitening-pca-bilstm,save\ag-news-roberta-whitening-pca\ag-news-roberta-whitening-pca-bilstm\summary_efficiency_100.csv,100
100,3,,Total,3752.047807216644,478.67626953125,ag-news-roberta-whitening-pca,ag-news-roberta-whitening-pca-bilstm,save\ag-news-roberta-whitening-pca\ag-news-roberta-whitening-pca-bilstm\summary_efficiency_100.csv,100
20,0,20.0,Dataloader,184.72594165802,503.58349609375,ag-news-roberta-whitening-pca,ag-news-roberta-whitening-pca-bilstm,save\ag-news-roberta-whitening-pca\ag-news-roberta-whitening-pca-bilstm\summary_efficiency_20.csv,20
20,1,20.0,Train,145.90063214302063,479.48095703125,ag-news-roberta-whitening-pca,ag-news-roberta-whitening-pca-bilstm,save\ag-news-roberta-whitening-pca\ag-news-roberta-whitening-pca-bilstm\summary_efficiency_20.csv,20
20,2,20.0,Test,3.0088658332824707,478.67626953125,ag-news-roberta-whitening-pca,ag-news-roberta-whitening-pca-bilstm,save\ag-news-roberta-whitening-pca\ag-news-roberta-whitening-pca-bilstm\summary_efficiency_20.csv,20
20,3,,Total,333.6354396343231,478.67626953125,ag-news-roberta-whitening-pca,ag-news-roberta-whitening-pca-bilstm,save\ag-news-roberta-whitening-pca\ag-news-roberta-whitening-pca-bilstm\summary_efficiency_20.csv,20
30,0,30.0,Dataloader,283.0495707988739,503.58349609375,ag-news-roberta-whitening-pca,ag-news-roberta-whitening-pca-bilstm,save\ag-news-roberta-whitening-pca\ag-news-roberta-whitening-pca-bilstm\summary_efficiency_30.csv,30
30,1,30.0,Train,289.66981506347656,479.48095703125,ag-news-roberta-whitening-pca,ag-news-roberta-whitening-pca-bilstm,save\ag-news-roberta-whitening-pca\ag-news-roberta-whitening-pca-bilstm\summary_efficiency_30.csv,30
30,2,30.0,Test,6.059975862503052,478.67626953125,ag-news-roberta-whitening-pca,ag-news-roberta-whitening-pca-bilstm,save\ag-news-roberta-whitening-pca\ag-news-roberta-whitening-pca-bilstm\summary_efficiency_30.csv,30
30,3,,Total,578.7793617248535,478.67626953125,ag-news-roberta-whitening-pca,ag-news-roberta-whitening-pca-bilstm,save\ag-news-roberta-whitening-pca\ag-news-roberta-whitening-pca-bilstm\summary_efficiency_30.csv,30
40,0,40.0,Dataloader,385.2520155906677,503.58349609375,ag-news-roberta-whitening-pca,ag-news-roberta-whitening-pca-bilstm,save\ag-news-roberta-whitening-pca\ag-news-roberta-whitening-pca-bilstm\summary_efficiency_40.csv,40
40,1,40.0,Train,484.7199366092682,479.48095703125,ag-news-roberta-whitening-pca,ag-news-roberta-whitening-pca-bilstm,save\ag-news-roberta-whitening-pca\ag-news-roberta-whitening-pca-bilstm\summary_efficiency_40.csv,40
40,2,40.0,Test,10.011776685714722,478.67626953125,ag-news-roberta-whitening-pca,ag-news-roberta-whitening-pca-bilstm,save\ag-news-roberta-whitening-pca\ag-news-roberta-whitening-pca-bilstm\summary_efficiency_40.csv,40
40,3,,Total,879.9837288856506,478.67626953125,ag-news-roberta-whitening-pca,ag-news-roberta-whitening-pca-bilstm,save\ag-news-roberta-whitening-pca\ag-news-roberta-whitening-pca-bilstm\summary_efficiency_40.csv,40
50,0,50.0,Dataloader,461.3754551410675,503.58349609375,ag-news-roberta-whitening-pca,ag-news-roberta-whitening-pca-bilstm,save\ag-news-roberta-whitening-pca\ag-news-roberta-whitening-pca-bilstm\summary_efficiency_50.csv,50
50,1,50.0,Train,733.3447663784027,479.48095703125,ag-news-roberta-whitening-pca,ag-news-roberta-whitening-pca-bilstm,save\ag-news-roberta-whitening-pca\ag-news-roberta-whitening-pca-bilstm\summary_efficiency_50.csv,50
50,2,50.0,Test,15.369965553283691,478.67626953125,ag-news-roberta-whitening-pca,ag-news-roberta-whitening-pca-bilstm,save\ag-news-roberta-whitening-pca\ag-news-roberta-whitening-pca-bilstm\summary_efficiency_50.csv,50
50,3,,Total,1210.090187072754,478.67626953125,ag-news-roberta-whitening-pca,ag-news-roberta-whitening-pca-bilstm,save\ag-news-roberta-whitening-pca\ag-news-roberta-whitening-pca-bilstm\summary_efficiency_50.csv,50
60,0,60.0,Dataloader,569.2316763401031,503.58349609375,ag-news-roberta-whitening-pca,ag-news-roberta-whitening-pca-bilstm,save\ag-news-roberta-whitening-pca\ag-news-roberta-whitening-pca-bilstm\summary_efficiency_60.csv,60
60,1,60.0,Train,1026.189619064331,479.48095703125,ag-news-roberta-whitening-pca,ag-news-roberta-whitening-pca-bilstm,save\ag-news-roberta-whitening-pca\ag-news-roberta-whitening-pca-bilstm\summary_efficiency_60.csv,60
60,2,60.0,Test,20.993715286254883,478.67626953125,ag-news-roberta-whitening-pca,ag-news-roberta-whitening-pca-bilstm,save\ag-news-roberta-whitening-pca\ag-news-roberta-whitening-pca-bilstm\summary_efficiency_60.csv,60
60,3,,Total,1616.415010690689,478.67626953125,ag-news-roberta-whitening-pca,ag-news-roberta-whitening-pca-bilstm,save\ag-news-roberta-whitening-pca\ag-news-roberta-whitening-pca-bilstm\summary_efficiency_60.csv,60
70,0,70.0,Dataloader,659.5487334728241,503.58349609375,ag-news-roberta-whitening-pca,ag-news-roberta-whitening-pca-bilstm,save\ag-news-roberta-whitening-pca\ag-news-roberta-whitening-pca-bilstm\summary_efficiency_70.csv,70
70,1,70.0,Train,1377.1104102134705,479.48095703125,ag-news-roberta-whitening-pca,ag-news-roberta-whitening-pca-bilstm,save\ag-news-roberta-whitening-pca\ag-news-roberta-whitening-pca-bilstm\summary_efficiency_70.csv,70
70,2,70.0,Test,27.960182189941406,478.67626953125,ag-news-roberta-whitening-pca,ag-news-roberta-whitening-pca-bilstm,save\ag-news-roberta-whitening-pca\ag-news-roberta-whitening-pca-bilstm\summary_efficiency_70.csv,70
70,3,,Total,2064.619325876236,478.67626953125,ag-news-roberta-whitening-pca,ag-news-roberta-whitening-pca-bilstm,save\ag-news-roberta-whitening-pca\ag-news-roberta-whitening-pca-bilstm\summary_efficiency_70.csv,70
80,0,80.0,Dataloader,755.4062478542328,522.33837890625,ag-news-roberta-whitening-pca,ag-news-roberta-whitening-pca-bilstm,save\ag-news-roberta-whitening-pca\ag-news-roberta-whitening-pca-bilstm\summary_efficiency_80.csv,80
80,1,80.0,Train,1790.1707046031952,479.48095703125,ag-news-roberta-whitening-pca,ag-news-roberta-whitening-pca-bilstm,save\ag-news-roberta-whitening-pca\ag-news-roberta-whitening-pca-bilstm\summary_efficiency_80.csv,80
80,2,80.0,Test,35.99809527397156,478.67626953125,ag-news-roberta-whitening-pca,ag-news-roberta-whitening-pca-bilstm,save\ag-news-roberta-whitening-pca\ag-news-roberta-whitening-pca-bilstm\summary_efficiency_80.csv,80
80,3,,Total,2581.5750477313995,478.67626953125,ag-news-roberta-whitening-pca,ag-news-roberta-whitening-pca-bilstm,save\ag-news-roberta-whitening-pca\ag-news-roberta-whitening-pca-bilstm\summary_efficiency_80.csv,80
90,0,90.0,Dataloader,861.655873298645,522.33837890625,ag-news-roberta-whitening-pca,ag-news-roberta-whitening-pca-bilstm,save\ag-news-roberta-whitening-pca\ag-news-roberta-whitening-pca-bilstm\summary_efficiency_90.csv,90
90,1,90.0,Train,2243.163592338562,479.48095703125,ag-news-roberta-whitening-pca,ag-news-roberta-whitening-pca-bilstm,save\ag-news-roberta-whitening-pca\ag-news-roberta-whitening-pca-bilstm\summary_efficiency_90.csv,90
90,2,90.0,Test,44.82562160491944,478.67626953125,ag-news-roberta-whitening-pca,ag-news-roberta-whitening-pca-bilstm,save\ag-news-roberta-whitening-pca\ag-news-roberta-whitening-pca-bilstm\summary_efficiency_90.csv,90
90,3,,Total,3149.6450872421265,478.67626953125,ag-news-roberta-whitening-pca,ag-news-roberta-whitening-pca-bilstm,save\ag-news-roberta-whitening-pca\ag-news-roberta-whitening-pca-bilstm\summary_efficiency_90.csv,90
10,0,10.0,Dataloader,99.82407069206238,503.58349609375,ag-news-roberta-whitening-pca,ag-news-roberta-whitening-pca-mlp,save\ag-news-roberta-whitening-pca\ag-news-roberta-whitening-pca-mlp\summary_efficiency_10.csv,10
10,1,10.0,Train,38.94564700126648,476.81640625,ag-news-roberta-whitening-pca,ag-news-roberta-whitening-pca-mlp,save\ag-news-roberta-whitening-pca\ag-news-roberta-whitening-pca-mlp\summary_efficiency_10.csv,10
10,2,10.0,Test,0.9885308742523192,476.7578125,ag-news-roberta-whitening-pca,ag-news-roberta-whitening-pca-mlp,save\ag-news-roberta-whitening-pca\ag-news-roberta-whitening-pca-mlp\summary_efficiency_10.csv,10
10,3,,Total,139.75824856758118,476.7578125,ag-news-roberta-whitening-pca,ag-news-roberta-whitening-pca-mlp,save\ag-news-roberta-whitening-pca\ag-news-roberta-whitening-pca-mlp\summary_efficiency_10.csv,10
100,0,100.0,Dataloader,927.6197168827056,522.33837890625,ag-news-roberta-whitening-pca,ag-news-roberta-whitening-pca-mlp,save\ag-news-roberta-whitening-pca\ag-news-roberta-whitening-pca-mlp\summary_efficiency_100.csv,100
100,1,100.0,Train,2655.896884441376,476.81640625,ag-news-roberta-whitening-pca,ag-news-roberta-whitening-pca-mlp,save\ag-news-roberta-whitening-pca\ag-news-roberta-whitening-pca-mlp\summary_efficiency_100.csv,100
100,2,100.0,Test,54.45620346069336,476.7578125,ag-news-roberta-whitening-pca,ag-news-roberta-whitening-pca-mlp,save\ag-news-roberta-whitening-pca\ag-news-roberta-whitening-pca-mlp\summary_efficiency_100.csv,100
100,3,,Total,3637.972804784775,476.7578125,ag-news-roberta-whitening-pca,ag-news-roberta-whitening-pca-mlp,save\ag-news-roberta-whitening-pca\ag-news-roberta-whitening-pca-mlp\summary_efficiency_100.csv,100
20,0,20.0,Dataloader,182.6316442489624,503.58349609375,ag-news-roberta-whitening-pca,ag-news-roberta-whitening-pca-mlp,save\ag-news-roberta-whitening-pca\ag-news-roberta-whitening-pca-mlp\summary_efficiency_20.csv,20
20,1,20.0,Train,128.0379180908203,476.81640625,ag-news-roberta-whitening-pca,ag-news-roberta-whitening-pca-mlp,save\ag-news-roberta-whitening-pca\ag-news-roberta-whitening-pca-mlp\summary_efficiency_20.csv,20
20,2,20.0,Test,2.9152278900146484,476.7578125,ag-news-roberta-whitening-pca,ag-news-roberta-whitening-pca-mlp,save\ag-news-roberta-whitening-pca\ag-news-roberta-whitening-pca-mlp\summary_efficiency_20.csv,20
20,3,,Total,313.58479022979736,476.7578125,ag-news-roberta-whitening-pca,ag-news-roberta-whitening-pca-mlp,save\ag-news-roberta-whitening-pca\ag-news-roberta-whitening-pca-mlp\summary_efficiency_20.csv,20
30,0,30.0,Dataloader,285.1864264011383,503.58349609375,ag-news-roberta-whitening-pca,ag-news-roberta-whitening-pca-mlp,save\ag-news-roberta-whitening-pca\ag-news-roberta-whitening-pca-mlp\summary_efficiency_30.csv,30
30,1,30.0,Train,265.7202877998352,476.81640625,ag-news-roberta-whitening-pca,ag-news-roberta-whitening-pca-mlp,save\ag-news-roberta-whitening-pca\ag-news-roberta-whitening-pca-mlp\summary_efficiency_30.csv,30
30,2,30.0,Test,5.8163979053497314,476.7578125,ag-news-roberta-whitening-pca,ag-news-roberta-whitening-pca-mlp,save\ag-news-roberta-whitening-pca\ag-news-roberta-whitening-pca-mlp\summary_efficiency_30.csv,30
30,3,,Total,556.7231121063232,476.7578125,ag-news-roberta-whitening-pca,ag-news-roberta-whitening-pca-mlp,save\ag-news-roberta-whitening-pca\ag-news-roberta-whitening-pca-mlp\summary_efficiency_30.csv,30
40,0,40.0,Dataloader,372.61313939094543,503.58349609375,ag-news-roberta-whitening-pca,ag-news-roberta-whitening-pca-mlp,save\ag-news-roberta-whitening-pca\ag-news-roberta-whitening-pca-mlp\summary_efficiency_40.csv,40
40,1,40.0,Train,453.74253010749817,476.81640625,ag-news-roberta-whitening-pca,ag-news-roberta-whitening-pca-mlp,save\ag-news-roberta-whitening-pca\ag-news-roberta-whitening-pca-mlp\summary_efficiency_40.csv,40
40,2,40.0,Test,9.739225149154665,476.7578125,ag-news-roberta-whitening-pca,ag-news-roberta-whitening-pca-mlp,save\ag-news-roberta-whitening-pca\ag-news-roberta-whitening-pca-mlp\summary_efficiency_40.csv,40
40,3,,Total,836.0948946475983,476.7578125,ag-news-roberta-whitening-pca,ag-news-roberta-whitening-pca-mlp,save\ag-news-roberta-whitening-pca\ag-news-roberta-whitening-pca-mlp\summary_efficiency_40.csv,40
50,0,50.0,Dataloader,460.47225522995,503.58349609375,ag-news-roberta-whitening-pca,ag-news-roberta-whitening-pca-mlp,save\ag-news-roberta-whitening-pca\ag-news-roberta-whitening-pca-mlp\summary_efficiency_50.csv,50
50,1,50.0,Train,688.764580488205,476.81640625,ag-news-roberta-whitening-pca,ag-news-roberta-whitening-pca-mlp,save\ag-news-roberta-whitening-pca\ag-news-roberta-whitening-pca-mlp\summary_efficiency_50.csv,50
50,2,50.0,Test,14.91278862953186,476.7578125,ag-news-roberta-whitening-pca,ag-news-roberta-whitening-pca-mlp,save\ag-news-roberta-whitening-pca\ag-news-roberta-whitening-pca-mlp\summary_efficiency_50.csv,50
50,3,,Total,1164.1496243476868,476.7578125,ag-news-roberta-whitening-pca,ag-news-roberta-whitening-pca-mlp,save\ag-news-roberta-whitening-pca\ag-news-roberta-whitening-pca-mlp\summary_efficiency_50.csv,50
60,0,60.0,Dataloader,559.9540164470673,503.58349609375,ag-news-roberta-whitening-pca,ag-news-roberta-whitening-pca-mlp,save\ag-news-roberta-whitening-pca\ag-news-roberta-whitening-pca-mlp\summary_efficiency_60.csv,60
60,1,60.0,Train,979.8944673538208,476.81640625,ag-news-roberta-whitening-pca,ag-news-roberta-whitening-pca-mlp,save\ag-news-roberta-whitening-pca\ag-news-roberta-whitening-pca-mlp\summary_efficiency_60.csv,60
60,2,60.0,Test,20.560702562332157,476.7578125,ag-news-roberta-whitening-pca,ag-news-roberta-whitening-pca-mlp,save\ag-news-roberta-whitening-pca\ag-news-roberta-whitening-pca-mlp\summary_efficiency_60.csv,60
60,3,,Total,1560.4091863632202,476.7578125,ag-news-roberta-whitening-pca,ag-news-roberta-whitening-pca-mlp,save\ag-news-roberta-whitening-pca\ag-news-roberta-whitening-pca-mlp\summary_efficiency_60.csv,60
70,0,70.0,Dataloader,646.6884212493896,503.58349609375,ag-news-roberta-whitening-pca,ag-news-roberta-whitening-pca-mlp,save\ag-news-roberta-whitening-pca\ag-news-roberta-whitening-pca-mlp\summary_efficiency_70.csv,70
70,1,70.0,Train,1324.3495078086853,476.81640625,ag-news-roberta-whitening-pca,ag-news-roberta-whitening-pca-mlp,save\ag-news-roberta-whitening-pca\ag-news-roberta-whitening-pca-mlp\summary_efficiency_70.csv,70
70,2,70.0,Test,27.564287185668945,476.7578125,ag-news-roberta-whitening-pca,ag-news-roberta-whitening-pca-mlp,save\ag-news-roberta-whitening-pca\ag-news-roberta-whitening-pca-mlp\summary_efficiency_70.csv,70
70,3,,Total,1998.602216243744,476.7578125,ag-news-roberta-whitening-pca,ag-news-roberta-whitening-pca-mlp,save\ag-news-roberta-whitening-pca\ag-news-roberta-whitening-pca-mlp\summary_efficiency_70.csv,70
80,0,80.0,Dataloader,762.2667858600616,522.33837890625,ag-news-roberta-whitening-pca,ag-news-roberta-whitening-pca-mlp,save\ag-news-roberta-whitening-pca\ag-news-roberta-whitening-pca-mlp\summary_efficiency_80.csv,80
80,1,80.0,Train,1723.6176025867462,476.81640625,ag-news-roberta-whitening-pca,ag-news-roberta-whitening-pca-mlp,save\ag-news-roberta-whitening-pca\ag-news-roberta-whitening-pca-mlp\summary_efficiency_80.csv,80
80,2,80.0,Test,35.3501672744751,476.7578125,ag-news-roberta-whitening-pca,ag-news-roberta-whitening-pca-mlp,save\ag-news-roberta-whitening-pca\ag-news-roberta-whitening-pca-mlp\summary_efficiency_80.csv,80
80,3,,Total,2521.234555721283,476.7578125,ag-news-roberta-whitening-pca,ag-news-roberta-whitening-pca-mlp,save\ag-news-roberta-whitening-pca\ag-news-roberta-whitening-pca-mlp\summary_efficiency_80.csv,80
90,0,90.0,Dataloader,826.4313459396362,522.33837890625,ag-news-roberta-whitening-pca,ag-news-roberta-whitening-pca-mlp,save\ag-news-roberta-whitening-pca\ag-news-roberta-whitening-pca-mlp\summary_efficiency_90.csv,90
90,1,90.0,Train,2171.039382696152,476.81640625,ag-news-roberta-whitening-pca,ag-news-roberta-whitening-pca-mlp,save\ag-news-roberta-whitening-pca\ag-news-roberta-whitening-pca-mlp\summary_efficiency_90.csv,90
90,2,90.0,Test,44.122390031814575,476.7578125,ag-news-roberta-whitening-pca,ag-news-roberta-whitening-pca-mlp,save\ag-news-roberta-whitening-pca\ag-news-roberta-whitening-pca-mlp\summary_efficiency_90.csv,90
90,3,,Total,3041.5931186676025,476.7578125,ag-news-roberta-whitening-pca,ag-news-roberta-whitening-pca-mlp,save\ag-news-roberta-whitening-pca\ag-news-roberta-whitening-pca-mlp\summary_efficiency_90.csv,90
10,0,10.0,Dataloader,96.7800567150116,503.58349609375,ag-news-roberta-whitening-svd,ag-news-roberta-whitening-svd-bilstm,save\ag-news-roberta-whitening-svd\ag-news-roberta-whitening-svd-bilstm\summary_efficiency_10.csv,10
10,1,10.0,Train,47.7800886631012,479.48095703125,ag-news-roberta-whitening-svd,ag-news-roberta-whitening-svd-bilstm,save\ag-news-roberta-whitening-svd\ag-news-roberta-whitening-svd-bilstm\summary_efficiency_10.csv,10
10,2,10.0,Test,1.0412938594818115,478.67626953125,ag-news-roberta-whitening-svd,ag-news-roberta-whitening-svd-bilstm,save\ag-news-roberta-whitening-svd\ag-news-roberta-whitening-svd-bilstm\summary_efficiency_10.csv,10
10,3,,Total,145.6014392375946,478.67626953125,ag-news-roberta-whitening-svd,ag-news-roberta-whitening-svd-bilstm,save\ag-news-roberta-whitening-svd\ag-news-roberta-whitening-svd-bilstm\summary_efficiency_10.csv,10
100,0,100.0,Dataloader,931.0228688716888,522.33837890625,ag-news-roberta-whitening-svd,ag-news-roberta-whitening-svd-bilstm,save\ag-news-roberta-whitening-svd\ag-news-roberta-whitening-svd-bilstm\summary_efficiency_100.csv,100
100,1,100.0,Train,2736.458966255188,479.48095703125,ag-news-roberta-whitening-svd,ag-news-roberta-whitening-svd-bilstm,save\ag-news-roberta-whitening-svd\ag-news-roberta-whitening-svd-bilstm\summary_efficiency_100.csv,100
100,2,100.0,Test,55.16480875015259,478.67626953125,ag-news-roberta-whitening-svd,ag-news-roberta-whitening-svd-bilstm,save\ag-news-roberta-whitening-svd\ag-news-roberta-whitening-svd-bilstm\summary_efficiency_100.csv,100
100,3,,Total,3722.646643877029,478.67626953125,ag-news-roberta-whitening-svd,ag-news-roberta-whitening-svd-bilstm,save\ag-news-roberta-whitening-svd\ag-news-roberta-whitening-svd-bilstm\summary_efficiency_100.csv,100
20,0,20.0,Dataloader,185.26537919044492,503.58349609375,ag-news-roberta-whitening-svd,ag-news-roberta-whitening-svd-bilstm,save\ag-news-roberta-whitening-svd\ag-news-roberta-whitening-svd-bilstm\summary_efficiency_20.csv,20
20,1,20.0,Train,133.2695231437683,479.48095703125,ag-news-roberta-whitening-svd,ag-news-roberta-whitening-svd-bilstm,save\ag-news-roberta-whitening-svd\ag-news-roberta-whitening-svd-bilstm\summary_efficiency_20.csv,20
20,2,20.0,Test,2.964860677719116,478.67626953125,ag-news-roberta-whitening-svd,ag-news-roberta-whitening-svd-bilstm,save\ag-news-roberta-whitening-svd\ag-news-roberta-whitening-svd-bilstm\summary_efficiency_20.csv,20
20,3,,Total,321.4997630119324,478.67626953125,ag-news-roberta-whitening-svd,ag-news-roberta-whitening-svd-bilstm,save\ag-news-roberta-whitening-svd\ag-news-roberta-whitening-svd-bilstm\summary_efficiency_20.csv,20
30,0,30.0,Dataloader,293.74090933799744,503.58349609375,ag-news-roberta-whitening-svd,ag-news-roberta-whitening-svd-bilstm,save\ag-news-roberta-whitening-svd\ag-news-roberta-whitening-svd-bilstm\summary_efficiency_30.csv,30
30,1,30.0,Train,291.01913690567017,479.48095703125,ag-news-roberta-whitening-svd,ag-news-roberta-whitening-svd-bilstm,save\ag-news-roberta-whitening-svd\ag-news-roberta-whitening-svd-bilstm\summary_efficiency_30.csv,30
30,2,30.0,Test,6.124122619628906,478.67626953125,ag-news-roberta-whitening-svd,ag-news-roberta-whitening-svd-bilstm,save\ag-news-roberta-whitening-svd\ag-news-roberta-whitening-svd-bilstm\summary_efficiency_30.csv,30
30,3,,Total,590.8841688632965,478.67626953125,ag-news-roberta-whitening-svd,ag-news-roberta-whitening-svd-bilstm,save\ag-news-roberta-whitening-svd\ag-news-roberta-whitening-svd-bilstm\summary_efficiency_30.csv,30
40,0,40.0,Dataloader,376.3828029632568,503.58349609375,ag-news-roberta-whitening-svd,ag-news-roberta-whitening-svd-bilstm,save\ag-news-roberta-whitening-svd\ag-news-roberta-whitening-svd-bilstm\summary_efficiency_40.csv,40
40,1,40.0,Train,481.8498854637146,479.48095703125,ag-news-roberta-whitening-svd,ag-news-roberta-whitening-svd-bilstm,save\ag-news-roberta-whitening-svd\ag-news-roberta-whitening-svd-bilstm\summary_efficiency_40.csv,40
40,2,40.0,Test,10.095779418945312,478.67626953125,ag-news-roberta-whitening-svd,ag-news-roberta-whitening-svd-bilstm,save\ag-news-roberta-whitening-svd\ag-news-roberta-whitening-svd-bilstm\summary_efficiency_40.csv,40
40,3,,Total,868.3284678459167,478.67626953125,ag-news-roberta-whitening-svd,ag-news-roberta-whitening-svd-bilstm,save\ag-news-roberta-whitening-svd\ag-news-roberta-whitening-svd-bilstm\summary_efficiency_40.csv,40
50,0,50.0,Dataloader,469.01998925209045,503.58349609375,ag-news-roberta-whitening-svd,ag-news-roberta-whitening-svd-bilstm,save\ag-news-roberta-whitening-svd\ag-news-roberta-whitening-svd-bilstm\summary_efficiency_50.csv,50
50,1,50.0,Train,729.6494579315186,479.48095703125,ag-news-roberta-whitening-svd,ag-news-roberta-whitening-svd-bilstm,save\ag-news-roberta-whitening-svd\ag-news-roberta-whitening-svd-bilstm\summary_efficiency_50.csv,50
50,2,50.0,Test,14.933393239974976,478.67626953125,ag-news-roberta-whitening-svd,ag-news-roberta-whitening-svd-bilstm,save\ag-news-roberta-whitening-svd\ag-news-roberta-whitening-svd-bilstm\summary_efficiency_50.csv,50
50,3,,Total,1213.602840423584,478.67626953125,ag-news-roberta-whitening-svd,ag-news-roberta-whitening-svd-bilstm,save\ag-news-roberta-whitening-svd\ag-news-roberta-whitening-svd-bilstm\summary_efficiency_50.csv,50
60,0,60.0,Dataloader,549.8960902690887,503.58349609375,ag-news-roberta-whitening-svd,ag-news-roberta-whitening-svd-bilstm,save\ag-news-roberta-whitening-svd\ag-news-roberta-whitening-svd-bilstm\summary_efficiency_60.csv,60
60,1,60.0,Train,1019.4396088123322,479.48095703125,ag-news-roberta-whitening-svd,ag-news-roberta-whitening-svd-bilstm,save\ag-news-roberta-whitening-svd\ag-news-roberta-whitening-svd-bilstm\summary_efficiency_60.csv,60
60,2,60.0,Test,20.974214553833008,478.67626953125,ag-news-roberta-whitening-svd,ag-news-roberta-whitening-svd-bilstm,save\ag-news-roberta-whitening-svd\ag-news-roberta-whitening-svd-bilstm\summary_efficiency_60.csv,60
60,3,,Total,1590.309913635254,478.67626953125,ag-news-roberta-whitening-svd,ag-news-roberta-whitening-svd-bilstm,save\ag-news-roberta-whitening-svd\ag-news-roberta-whitening-svd-bilstm\summary_efficiency_60.csv,60
70,0,70.0,Dataloader,627.2998700141907,503.58349609375,ag-news-roberta-whitening-svd,ag-news-roberta-whitening-svd-bilstm,save\ag-news-roberta-whitening-svd\ag-news-roberta-whitening-svd-bilstm\summary_efficiency_70.csv,70
70,1,70.0,Train,1381.5096862316132,479.48095703125,ag-news-roberta-whitening-svd,ag-news-roberta-whitening-svd-bilstm,save\ag-news-roberta-whitening-svd\ag-news-roberta-whitening-svd-bilstm\summary_efficiency_70.csv,70
70,2,70.0,Test,28.013479709625244,478.67626953125,ag-news-roberta-whitening-svd,ag-news-roberta-whitening-svd-bilstm,save\ag-news-roberta-whitening-svd\ag-news-roberta-whitening-svd-bilstm\summary_efficiency_70.csv,70
70,3,,Total,2036.823035955429,478.67626953125,ag-news-roberta-whitening-svd,ag-news-roberta-whitening-svd-bilstm,save\ag-news-roberta-whitening-svd\ag-news-roberta-whitening-svd-bilstm\summary_efficiency_70.csv,70
80,0,80.0,Dataloader,760.4743232727051,522.33837890625,ag-news-roberta-whitening-svd,ag-news-roberta-whitening-svd-bilstm,save\ag-news-roberta-whitening-svd\ag-news-roberta-whitening-svd-bilstm\summary_efficiency_80.csv,80
80,1,80.0,Train,1738.0596554279327,479.48095703125,ag-news-roberta-whitening-svd,ag-news-roberta-whitening-svd-bilstm,save\ag-news-roberta-whitening-svd\ag-news-roberta-whitening-svd-bilstm\summary_efficiency_80.csv,80
80,2,80.0,Test,35.30965852737427,478.67626953125,ag-news-roberta-whitening-svd,ag-news-roberta-whitening-svd-bilstm,save\ag-news-roberta-whitening-svd\ag-news-roberta-whitening-svd-bilstm\summary_efficiency_80.csv,80
80,3,,Total,2533.843637228012,478.67626953125,ag-news-roberta-whitening-svd,ag-news-roberta-whitening-svd-bilstm,save\ag-news-roberta-whitening-svd\ag-news-roberta-whitening-svd-bilstm\summary_efficiency_80.csv,80
90,0,90.0,Dataloader,832.4627885818481,522.33837890625,ag-news-roberta-whitening-svd,ag-news-roberta-whitening-svd-bilstm,save\ag-news-roberta-whitening-svd\ag-news-roberta-whitening-svd-bilstm\summary_efficiency_90.csv,90
90,1,90.0,Train,2204.6588563919067,479.48095703125,ag-news-roberta-whitening-svd,ag-news-roberta-whitening-svd-bilstm,save\ag-news-roberta-whitening-svd\ag-news-roberta-whitening-svd-bilstm\summary_efficiency_90.csv,90
90,2,90.0,Test,44.54029655456543,478.67626953125,ag-news-roberta-whitening-svd,ag-news-roberta-whitening-svd-bilstm,save\ag-news-roberta-whitening-svd\ag-news-roberta-whitening-svd-bilstm\summary_efficiency_90.csv,90
90,3,,Total,3081.6619415283203,478.67626953125,ag-news-roberta-whitening-svd,ag-news-roberta-whitening-svd-bilstm,save\ag-news-roberta-whitening-svd\ag-news-roberta-whitening-svd-bilstm\summary_efficiency_90.csv,90
10,0,10.0,Dataloader,96.10488295555116,503.58349609375,ag-news-roberta-whitening-svd,ag-news-roberta-whitening-svd-mlp,save\ag-news-roberta-whitening-svd\ag-news-roberta-whitening-svd-mlp\summary_efficiency_10.csv,10
10,1,10.0,Train,38.93493580818176,476.81640625,ag-news-roberta-whitening-svd,ag-news-roberta-whitening-svd-mlp,save\ag-news-roberta-whitening-svd\ag-news-roberta-whitening-svd-mlp\summary_efficiency_10.csv,10
10,2,10.0,Test,0.9799597263336182,476.7578125,ag-news-roberta-whitening-svd,ag-news-roberta-whitening-svd-mlp,save\ag-news-roberta-whitening-svd\ag-news-roberta-whitening-svd-mlp\summary_efficiency_10.csv,10
10,3,,Total,136.01977849006653,476.7578125,ag-news-roberta-whitening-svd,ag-news-roberta-whitening-svd-mlp,save\ag-news-roberta-whitening-svd\ag-news-roberta-whitening-svd-mlp\summary_efficiency_10.csv,10
100,0,100.0,Dataloader,929.158040523529,522.33837890625,ag-news-roberta-whitening-svd,ag-news-roberta-whitening-svd-mlp,save\ag-news-roberta-whitening-svd\ag-news-roberta-whitening-svd-mlp\summary_efficiency_100.csv,100
100,1,100.0,Train,2694.509990215301,476.81640625,ag-news-roberta-whitening-svd,ag-news-roberta-whitening-svd-mlp,save\ag-news-roberta-whitening-svd\ag-news-roberta-whitening-svd-mlp\summary_efficiency_100.csv,100
100,2,100.0,Test,54.1091525554657,476.7578125,ag-news-roberta-whitening-svd,ag-news-roberta-whitening-svd-mlp,save\ag-news-roberta-whitening-svd\ag-news-roberta-whitening-svd-mlp\summary_efficiency_100.csv,100
100,3,,Total,3677.777183294296,476.7578125,ag-news-roberta-whitening-svd,ag-news-roberta-whitening-svd-mlp,save\ag-news-roberta-whitening-svd\ag-news-roberta-whitening-svd-mlp\summary_efficiency_100.csv,100
20,0,20.0,Dataloader,187.65050983428955,503.58349609375,ag-news-roberta-whitening-svd,ag-news-roberta-whitening-svd-mlp,save\ag-news-roberta-whitening-svd\ag-news-roberta-whitening-svd-mlp\summary_efficiency_20.csv,20
20,1,20.0,Train,126.86741995811462,476.81640625,ag-news-roberta-whitening-svd,ag-news-roberta-whitening-svd-mlp,save\ag-news-roberta-whitening-svd\ag-news-roberta-whitening-svd-mlp\summary_efficiency_20.csv,20
20,2,20.0,Test,2.939939498901367,476.7578125,ag-news-roberta-whitening-svd,ag-news-roberta-whitening-svd-mlp,save\ag-news-roberta-whitening-svd\ag-news-roberta-whitening-svd-mlp\summary_efficiency_20.csv,20
20,3,,Total,317.45786929130554,476.7578125,ag-news-roberta-whitening-svd,ag-news-roberta-whitening-svd-mlp,save\ag-news-roberta-whitening-svd\ag-news-roberta-whitening-svd-mlp\summary_efficiency_20.csv,20
30,0,30.0,Dataloader,287.25324177742004,503.58349609375,ag-news-roberta-whitening-svd,ag-news-roberta-whitening-svd-mlp,save\ag-news-roberta-whitening-svd\ag-news-roberta-whitening-svd-mlp\summary_efficiency_30.csv,30
30,1,30.0,Train,263.96212553977966,476.81640625,ag-news-roberta-whitening-svd,ag-news-roberta-whitening-svd-mlp,save\ag-news-roberta-whitening-svd\ag-news-roberta-whitening-svd-mlp\summary_efficiency_30.csv,30
30,2,30.0,Test,5.829452276229858,476.7578125,ag-news-roberta-whitening-svd,ag-news-roberta-whitening-svd-mlp,save\ag-news-roberta-whitening-svd\ag-news-roberta-whitening-svd-mlp\summary_efficiency_30.csv,30
30,3,,Total,557.0448195934296,476.7578125,ag-news-roberta-whitening-svd,ag-news-roberta-whitening-svd-mlp,save\ag-news-roberta-whitening-svd\ag-news-roberta-whitening-svd-mlp\summary_efficiency_30.csv,30
40,0,40.0,Dataloader,384.79423666000366,503.58349609375,ag-news-roberta-whitening-svd,ag-news-roberta-whitening-svd-mlp,save\ag-news-roberta-whitening-svd\ag-news-roberta-whitening-svd-mlp\summary_efficiency_40.csv,40
40,1,40.0,Train,452.14424538612366,476.81640625,ag-news-roberta-whitening-svd,ag-news-roberta-whitening-svd-mlp,save\ag-news-roberta-whitening-svd\ag-news-roberta-whitening-svd-mlp\summary_efficiency_40.csv,40
40,2,40.0,Test,9.822432041168211,476.7578125,ag-news-roberta-whitening-svd,ag-news-roberta-whitening-svd-mlp,save\ag-news-roberta-whitening-svd\ag-news-roberta-whitening-svd-mlp\summary_efficiency_40.csv,40
40,3,,Total,846.7609140872955,476.7578125,ag-news-roberta-whitening-svd,ag-news-roberta-whitening-svd-mlp,save\ag-news-roberta-whitening-svd\ag-news-roberta-whitening-svd-mlp\summary_efficiency_40.csv,40
50,0,50.0,Dataloader,451.0511004924774,503.58349609375,ag-news-roberta-whitening-svd,ag-news-roberta-whitening-svd-mlp,save\ag-news-roberta-whitening-svd\ag-news-roberta-whitening-svd-mlp\summary_efficiency_50.csv,50
50,1,50.0,Train,694.3568308353424,476.81640625,ag-news-roberta-whitening-svd,ag-news-roberta-whitening-svd-mlp,save\ag-news-roberta-whitening-svd\ag-news-roberta-whitening-svd-mlp\summary_efficiency_50.csv,50
50,2,50.0,Test,14.940069437026978,476.7578125,ag-news-roberta-whitening-svd,ag-news-roberta-whitening-svd-mlp,save\ag-news-roberta-whitening-svd\ag-news-roberta-whitening-svd-mlp\summary_efficiency_50.csv,50
50,3,,Total,1160.3480007648468,476.7578125,ag-news-roberta-whitening-svd,ag-news-roberta-whitening-svd-mlp,save\ag-news-roberta-whitening-svd\ag-news-roberta-whitening-svd-mlp\summary_efficiency_50.csv,50
60,0,60.0,Dataloader,557.7182402610779,503.58349609375,ag-news-roberta-whitening-svd,ag-news-roberta-whitening-svd-mlp,save\ag-news-roberta-whitening-svd\ag-news-roberta-whitening-svd-mlp\summary_efficiency_60.csv,60
60,1,60.0,Train,978.4256641864775,476.81640625,ag-news-roberta-whitening-svd,ag-news-roberta-whitening-svd-mlp,save\ag-news-roberta-whitening-svd\ag-news-roberta-whitening-svd-mlp\summary_efficiency_60.csv,60
60,2,60.0,Test,20.700977563858032,476.7578125,ag-news-roberta-whitening-svd,ag-news-roberta-whitening-svd-mlp,save\ag-news-roberta-whitening-svd\ag-news-roberta-whitening-svd-mlp\summary_efficiency_60.csv,60
60,3,,Total,1556.8448820114136,476.7578125,ag-news-roberta-whitening-svd,ag-news-roberta-whitening-svd-mlp,save\ag-news-roberta-whitening-svd\ag-news-roberta-whitening-svd-mlp\summary_efficiency_60.csv,60
70,0,70.0,Dataloader,639.3694791793823,503.58349609375,ag-news-roberta-whitening-svd,ag-news-roberta-whitening-svd-mlp,save\ag-news-roberta-whitening-svd\ag-news-roberta-whitening-svd-mlp\summary_efficiency_70.csv,70
70,1,70.0,Train,1320.809677362442,476.81640625,ag-news-roberta-whitening-svd,ag-news-roberta-whitening-svd-mlp,save\ag-news-roberta-whitening-svd\ag-news-roberta-whitening-svd-mlp\summary_efficiency_70.csv,70
70,2,70.0,Test,27.4576952457428,476.7578125,ag-news-roberta-whitening-svd,ag-news-roberta-whitening-svd-mlp,save\ag-news-roberta-whitening-svd\ag-news-roberta-whitening-svd-mlp\summary_efficiency_70.csv,70
70,3,,Total,1987.6368517875671,476.7578125,ag-news-roberta-whitening-svd,ag-news-roberta-whitening-svd-mlp,save\ag-news-roberta-whitening-svd\ag-news-roberta-whitening-svd-mlp\summary_efficiency_70.csv,70
80,0,80.0,Dataloader,749.2726628780365,522.33837890625,ag-news-roberta-whitening-svd,ag-news-roberta-whitening-svd-mlp,save\ag-news-roberta-whitening-svd\ag-news-roberta-whitening-svd-mlp\summary_efficiency_80.csv,80
80,1,80.0,Train,1714.7904324531555,476.81640625,ag-news-roberta-whitening-svd,ag-news-roberta-whitening-svd-mlp,save\ag-news-roberta-whitening-svd\ag-news-roberta-whitening-svd-mlp\summary_efficiency_80.csv,80
80,2,80.0,Test,35.55906963348389,476.7578125,ag-news-roberta-whitening-svd,ag-news-roberta-whitening-svd-mlp,save\ag-news-roberta-whitening-svd\ag-news-roberta-whitening-svd-mlp\summary_efficiency_80.csv,80
80,3,,Total,2499.622164964676,476.7578125,ag-news-roberta-whitening-svd,ag-news-roberta-whitening-svd-mlp,save\ag-news-roberta-whitening-svd\ag-news-roberta-whitening-svd-mlp\summary_efficiency_80.csv,80
90,0,90.0,Dataloader,841.1984724998474,522.33837890625,ag-news-roberta-whitening-svd,ag-news-roberta-whitening-svd-mlp,save\ag-news-roberta-whitening-svd\ag-news-roberta-whitening-svd-mlp\summary_efficiency_90.csv,90
90,1,90.0,Train,2175.499139308929,476.81640625,ag-news-roberta-whitening-svd,ag-news-roberta-whitening-svd-mlp,save\ag-news-roberta-whitening-svd\ag-news-roberta-whitening-svd-mlp\summary_efficiency_90.csv,90
90,2,90.0,Test,44.38092064857483,476.7578125,ag-news-roberta-whitening-svd,ag-news-roberta-whitening-svd-mlp,save\ag-news-roberta-whitening-svd\ag-news-roberta-whitening-svd-mlp\summary_efficiency_90.csv,90
90,3,,Total,3061.078532457352,476.7578125,ag-news-roberta-whitening-svd,ag-news-roberta-whitening-svd-mlp,save\ag-news-roberta-whitening-svd\ag-news-roberta-whitening-svd-mlp\summary_efficiency_90.csv,90
10,0,10.0,Dataloader,96.8939607143402,503.58349609375,ag-news-roberta-whitening-zca,ag-news-roberta-whitening-zca-bilstm,save\ag-news-roberta-whitening-zca\ag-news-roberta-whitening-zca-bilstm\summary_efficiency_10.csv,10
10,1,10.0,Train,46.91567540168762,479.48095703125,ag-news-roberta-whitening-zca,ag-news-roberta-whitening-zca-bilstm,save\ag-news-roberta-whitening-zca\ag-news-roberta-whitening-zca-bilstm\summary_efficiency_10.csv,10
10,2,10.0,Test,1.0296969413757324,478.67626953125,ag-news-roberta-whitening-zca,ag-news-roberta-whitening-zca-bilstm,save\ag-news-roberta-whitening-zca\ag-news-roberta-whitening-zca-bilstm\summary_efficiency_10.csv,10
10,3,,Total,144.83933305740356,478.67626953125,ag-news-roberta-whitening-zca,ag-news-roberta-whitening-zca-bilstm,save\ag-news-roberta-whitening-zca\ag-news-roberta-whitening-zca-bilstm\summary_efficiency_10.csv,10
100,0,100.0,Dataloader,924.4054481983184,522.33837890625,ag-news-roberta-whitening-zca,ag-news-roberta-whitening-zca-bilstm,save\ag-news-roberta-whitening-zca\ag-news-roberta-whitening-zca-bilstm\summary_efficiency_100.csv,100
100,1,100.0,Train,2688.470017194748,479.48095703125,ag-news-roberta-whitening-zca,ag-news-roberta-whitening-zca-bilstm,save\ag-news-roberta-whitening-zca\ag-news-roberta-whitening-zca-bilstm\summary_efficiency_100.csv,100
100,2,100.0,Test,55.390113830566406,478.67626953125,ag-news-roberta-whitening-zca,ag-news-roberta-whitening-zca-bilstm,save\ag-news-roberta-whitening-zca\ag-news-roberta-whitening-zca-bilstm\summary_efficiency_100.csv,100
100,3,,Total,3668.265579223633,478.67626953125,ag-news-roberta-whitening-zca,ag-news-roberta-whitening-zca-bilstm,save\ag-news-roberta-whitening-zca\ag-news-roberta-whitening-zca-bilstm\summary_efficiency_100.csv,100
20,0,20.0,Dataloader,190.06000185012817,503.58349609375,ag-news-roberta-whitening-zca,ag-news-roberta-whitening-zca-bilstm,save\ag-news-roberta-whitening-zca\ag-news-roberta-whitening-zca-bilstm\summary_efficiency_20.csv,20
20,1,20.0,Train,143.51265382766724,479.48095703125,ag-news-roberta-whitening-zca,ag-news-roberta-whitening-zca-bilstm,save\ag-news-roberta-whitening-zca\ag-news-roberta-whitening-zca-bilstm\summary_efficiency_20.csv,20
20,2,20.0,Test,3.0744144916534424,478.67626953125,ag-news-roberta-whitening-zca,ag-news-roberta-whitening-zca-bilstm,save\ag-news-roberta-whitening-zca\ag-news-roberta-whitening-zca-bilstm\summary_efficiency_20.csv,20
20,3,,Total,336.64707016944885,478.67626953125,ag-news-roberta-whitening-zca,ag-news-roberta-whitening-zca-bilstm,save\ag-news-roberta-whitening-zca\ag-news-roberta-whitening-zca-bilstm\summary_efficiency_20.csv,20
30,0,30.0,Dataloader,277.8348546028137,503.58349609375,ag-news-roberta-whitening-zca,ag-news-roberta-whitening-zca-bilstm,save\ag-news-roberta-whitening-zca\ag-news-roberta-whitening-zca-bilstm\summary_efficiency_30.csv,30
30,1,30.0,Train,289.729398727417,479.48095703125,ag-news-roberta-whitening-zca,ag-news-roberta-whitening-zca-bilstm,save\ag-news-roberta-whitening-zca\ag-news-roberta-whitening-zca-bilstm\summary_efficiency_30.csv,30
30,2,30.0,Test,5.989769697189331,478.67626953125,ag-news-roberta-whitening-zca,ag-news-roberta-whitening-zca-bilstm,save\ag-news-roberta-whitening-zca\ag-news-roberta-whitening-zca-bilstm\summary_efficiency_30.csv,30
30,3,,Total,573.55402302742,478.67626953125,ag-news-roberta-whitening-zca,ag-news-roberta-whitening-zca-bilstm,save\ag-news-roberta-whitening-zca\ag-news-roberta-whitening-zca-bilstm\summary_efficiency_30.csv,30
40,0,40.0,Dataloader,374.44322752952576,503.58349609375,ag-news-roberta-whitening-zca,ag-news-roberta-whitening-zca-bilstm,save\ag-news-roberta-whitening-zca\ag-news-roberta-whitening-zca-bilstm\summary_efficiency_40.csv,40
40,1,40.0,Train,481.0443451404572,479.48095703125,ag-news-roberta-whitening-zca,ag-news-roberta-whitening-zca-bilstm,save\ag-news-roberta-whitening-zca\ag-news-roberta-whitening-zca-bilstm\summary_efficiency_40.csv,40
40,2,40.0,Test,10.124130249023438,478.67626953125,ag-news-roberta-whitening-zca,ag-news-roberta-whitening-zca-bilstm,save\ag-news-roberta-whitening-zca\ag-news-roberta-whitening-zca-bilstm\summary_efficiency_40.csv,40
40,3,,Total,865.6117029190063,478.67626953125,ag-news-roberta-whitening-zca,ag-news-roberta-whitening-zca-bilstm,save\ag-news-roberta-whitening-zca\ag-news-roberta-whitening-zca-bilstm\summary_efficiency_40.csv,40
50,0,50.0,Dataloader,459.0083079338074,503.58349609375,ag-news-roberta-whitening-zca,ag-news-roberta-whitening-zca-bilstm,save\ag-news-roberta-whitening-zca\ag-news-roberta-whitening-zca-bilstm\summary_efficiency_50.csv,50
50,1,50.0,Train,727.5797410011292,479.48095703125,ag-news-roberta-whitening-zca,ag-news-roberta-whitening-zca-bilstm,save\ag-news-roberta-whitening-zca\ag-news-roberta-whitening-zca-bilstm\summary_efficiency_50.csv,50
50,2,50.0,Test,15.039973735809326,478.67626953125,ag-news-roberta-whitening-zca,ag-news-roberta-whitening-zca-bilstm,save\ag-news-roberta-whitening-zca\ag-news-roberta-whitening-zca-bilstm\summary_efficiency_50.csv,50
50,3,,Total,1201.6280226707458,478.67626953125,ag-news-roberta-whitening-zca,ag-news-roberta-whitening-zca-bilstm,save\ag-news-roberta-whitening-zca\ag-news-roberta-whitening-zca-bilstm\summary_efficiency_50.csv,50
60,0,60.0,Dataloader,553.2415642738342,503.58349609375,ag-news-roberta-whitening-zca,ag-news-roberta-whitening-zca-bilstm,save\ag-news-roberta-whitening-zca\ag-news-roberta-whitening-zca-bilstm\summary_efficiency_60.csv,60
60,1,60.0,Train,1033.0214726924896,479.48095703125,ag-news-roberta-whitening-zca,ag-news-roberta-whitening-zca-bilstm,save\ag-news-roberta-whitening-zca\ag-news-roberta-whitening-zca-bilstm\summary_efficiency_60.csv,60
60,2,60.0,Test,21.17525839805603,478.67626953125,ag-news-roberta-whitening-zca,ag-news-roberta-whitening-zca-bilstm,save\ag-news-roberta-whitening-zca\ag-news-roberta-whitening-zca-bilstm\summary_efficiency_60.csv,60
60,3,,Total,1607.43829536438,478.67626953125,ag-news-roberta-whitening-zca,ag-news-roberta-whitening-zca-bilstm,save\ag-news-roberta-whitening-zca\ag-news-roberta-whitening-zca-bilstm\summary_efficiency_60.csv,60
70,0,70.0,Dataloader,658.1500751972198,503.58349609375,ag-news-roberta-whitening-zca,ag-news-roberta-whitening-zca-bilstm,save\ag-news-roberta-whitening-zca\ag-news-roberta-whitening-zca-bilstm\summary_efficiency_70.csv,70
70,1,70.0,Train,1339.3547160625458,479.48095703125,ag-news-roberta-whitening-zca,ag-news-roberta-whitening-zca-bilstm,save\ag-news-roberta-whitening-zca\ag-news-roberta-whitening-zca-bilstm\summary_efficiency_70.csv,70
70,2,70.0,Test,27.46644639968872,478.67626953125,ag-news-roberta-whitening-zca,ag-news-roberta-whitening-zca-bilstm,save\ag-news-roberta-whitening-zca\ag-news-roberta-whitening-zca-bilstm\summary_efficiency_70.csv,70
70,3,,Total,2024.9712376594543,478.67626953125,ag-news-roberta-whitening-zca,ag-news-roberta-whitening-zca-bilstm,save\ag-news-roberta-whitening-zca\ag-news-roberta-whitening-zca-bilstm\summary_efficiency_70.csv,70
80,0,80.0,Dataloader,738.3869738578796,522.33837890625,ag-news-roberta-whitening-zca,ag-news-roberta-whitening-zca-bilstm,save\ag-news-roberta-whitening-zca\ag-news-roberta-whitening-zca-bilstm\summary_efficiency_80.csv,80
80,1,80.0,Train,1784.2075061798096,479.48095703125,ag-news-roberta-whitening-zca,ag-news-roberta-whitening-zca-bilstm,save\ag-news-roberta-whitening-zca\ag-news-roberta-whitening-zca-bilstm\summary_efficiency_80.csv,80
80,2,80.0,Test,35.97669506072998,478.67626953125,ag-news-roberta-whitening-zca,ag-news-roberta-whitening-zca-bilstm,save\ag-news-roberta-whitening-zca\ag-news-roberta-whitening-zca-bilstm\summary_efficiency_80.csv,80
80,3,,Total,2558.571175098419,478.67626953125,ag-news-roberta-whitening-zca,ag-news-roberta-whitening-zca-bilstm,save\ag-news-roberta-whitening-zca\ag-news-roberta-whitening-zca-bilstm\summary_efficiency_80.csv,80
90,0,90.0,Dataloader,827.6200075149536,522.33837890625,ag-news-roberta-whitening-zca,ag-news-roberta-whitening-zca-bilstm,save\ag-news-roberta-whitening-zca\ag-news-roberta-whitening-zca-bilstm\summary_efficiency_90.csv,90
90,1,90.0,Train,2220.170723438263,479.48095703125,ag-news-roberta-whitening-zca,ag-news-roberta-whitening-zca-bilstm,save\ag-news-roberta-whitening-zca\ag-news-roberta-whitening-zca-bilstm\summary_efficiency_90.csv,90
90,2,90.0,Test,45.4494776725769,478.67626953125,ag-news-roberta-whitening-zca,ag-news-roberta-whitening-zca-bilstm,save\ag-news-roberta-whitening-zca\ag-news-roberta-whitening-zca-bilstm\summary_efficiency_90.csv,90
90,3,,Total,3093.240208625793,478.67626953125,ag-news-roberta-whitening-zca,ag-news-roberta-whitening-zca-bilstm,save\ag-news-roberta-whitening-zca\ag-news-roberta-whitening-zca-bilstm\summary_efficiency_90.csv,90
10,0,10.0,Dataloader,113.94170308113098,503.58349609375,ag-news-roberta-whitening-zca,ag-news-roberta-whitening-zca-mlp,save\ag-news-roberta-whitening-zca\ag-news-roberta-whitening-zca-mlp\summary_efficiency_10.csv,10
10,1,10.0,Train,39.23024797439575,476.81640625,ag-news-roberta-whitening-zca,ag-news-roberta-whitening-zca-mlp,save\ag-news-roberta-whitening-zca\ag-news-roberta-whitening-zca-mlp\summary_efficiency_10.csv,10
10,2,10.0,Test,0.9901461601257324,476.7578125,ag-news-roberta-whitening-zca,ag-news-roberta-whitening-zca-mlp,save\ag-news-roberta-whitening-zca\ag-news-roberta-whitening-zca-mlp\summary_efficiency_10.csv,10
10,3,,Total,154.16209721565247,476.7578125,ag-news-roberta-whitening-zca,ag-news-roberta-whitening-zca-mlp,save\ag-news-roberta-whitening-zca\ag-news-roberta-whitening-zca-mlp\summary_efficiency_10.csv,10
100,0,100.0,Dataloader,943.3218207359314,522.33837890625,ag-news-roberta-whitening-zca,ag-news-roberta-whitening-zca-mlp,save\ag-news-roberta-whitening-zca\ag-news-roberta-whitening-zca-mlp\summary_efficiency_100.csv,100
100,1,100.0,Train,2655.167934656143,476.81640625,ag-news-roberta-whitening-zca,ag-news-roberta-whitening-zca-mlp,save\ag-news-roberta-whitening-zca\ag-news-roberta-whitening-zca-mlp\summary_efficiency_100.csv,100
100,2,100.0,Test,53.91217589378357,476.7578125,ag-news-roberta-whitening-zca,ag-news-roberta-whitening-zca-mlp,save\ag-news-roberta-whitening-zca\ag-news-roberta-whitening-zca-mlp\summary_efficiency_100.csv,100
100,3,,Total,3652.401931285858,476.7578125,ag-news-roberta-whitening-zca,ag-news-roberta-whitening-zca-mlp,save\ag-news-roberta-whitening-zca\ag-news-roberta-whitening-zca-mlp\summary_efficiency_100.csv,100
20,0,20.0,Dataloader,182.37883019447327,503.58349609375,ag-news-roberta-whitening-zca,ag-news-roberta-whitening-zca-mlp,save\ag-news-roberta-whitening-zca\ag-news-roberta-whitening-zca-mlp\summary_efficiency_20.csv,20
20,1,20.0,Train,127.16248559951782,476.81640625,ag-news-roberta-whitening-zca,ag-news-roberta-whitening-zca-mlp,save\ag-news-roberta-whitening-zca\ag-news-roberta-whitening-zca-mlp\summary_efficiency_20.csv,20
20,2,20.0,Test,2.906334638595581,476.7578125,ag-news-roberta-whitening-zca,ag-news-roberta-whitening-zca-mlp,save\ag-news-roberta-whitening-zca\ag-news-roberta-whitening-zca-mlp\summary_efficiency_20.csv,20
20,3,,Total,312.44765043258667,476.7578125,ag-news-roberta-whitening-zca,ag-news-roberta-whitening-zca-mlp,save\ag-news-roberta-whitening-zca\ag-news-roberta-whitening-zca-mlp\summary_efficiency_20.csv,20
30,0,30.0,Dataloader,288.219961643219,503.58349609375,ag-news-roberta-whitening-zca,ag-news-roberta-whitening-zca-mlp,save\ag-news-roberta-whitening-zca\ag-news-roberta-whitening-zca-mlp\summary_efficiency_30.csv,30
30,1,30.0,Train,269.83982586860657,476.81640625,ag-news-roberta-whitening-zca,ag-news-roberta-whitening-zca-mlp,save\ag-news-roberta-whitening-zca\ag-news-roberta-whitening-zca-mlp\summary_efficiency_30.csv,30
30,2,30.0,Test,6.0096635818481445,476.7578125,ag-news-roberta-whitening-zca,ag-news-roberta-whitening-zca-mlp,save\ag-news-roberta-whitening-zca\ag-news-roberta-whitening-zca-mlp\summary_efficiency_30.csv,30
30,3,,Total,564.0694510936737,476.7578125,ag-news-roberta-whitening-zca,ag-news-roberta-whitening-zca-mlp,save\ag-news-roberta-whitening-zca\ag-news-roberta-whitening-zca-mlp\summary_efficiency_30.csv,30
40,0,40.0,Dataloader,372.1490409374237,503.58349609375,ag-news-roberta-whitening-zca,ag-news-roberta-whitening-zca-mlp,save\ag-news-roberta-whitening-zca\ag-news-roberta-whitening-zca-mlp\summary_efficiency_40.csv,40
40,1,40.0,Train,454.1458592414856,476.81640625,ag-news-roberta-whitening-zca,ag-news-roberta-whitening-zca-mlp,save\ag-news-roberta-whitening-zca\ag-news-roberta-whitening-zca-mlp\summary_efficiency_40.csv,40
40,2,40.0,Test,9.81977605819702,476.7578125,ag-news-roberta-whitening-zca,ag-news-roberta-whitening-zca-mlp,save\ag-news-roberta-whitening-zca\ag-news-roberta-whitening-zca-mlp\summary_efficiency_40.csv,40
40,3,,Total,836.1146762371063,476.7578125,ag-news-roberta-whitening-zca,ag-news-roberta-whitening-zca-mlp,save\ag-news-roberta-whitening-zca\ag-news-roberta-whitening-zca-mlp\summary_efficiency_40.csv,40
50,0,50.0,Dataloader,460.17448902130127,503.58349609375,ag-news-roberta-whitening-zca,ag-news-roberta-whitening-zca-mlp,save\ag-news-roberta-whitening-zca\ag-news-roberta-whitening-zca-mlp\summary_efficiency_50.csv,50
50,1,50.0,Train,691.7681109905243,476.81640625,ag-news-roberta-whitening-zca,ag-news-roberta-whitening-zca-mlp,save\ag-news-roberta-whitening-zca\ag-news-roberta-whitening-zca-mlp\summary_efficiency_50.csv,50
50,2,50.0,Test,14.753618478775024,476.7578125,ag-news-roberta-whitening-zca,ag-news-roberta-whitening-zca-mlp,save\ag-news-roberta-whitening-zca\ag-news-roberta-whitening-zca-mlp\summary_efficiency_50.csv,50
50,3,,Total,1166.6962184906006,476.7578125,ag-news-roberta-whitening-zca,ag-news-roberta-whitening-zca-mlp,save\ag-news-roberta-whitening-zca\ag-news-roberta-whitening-zca-mlp\summary_efficiency_50.csv,50
60,0,60.0,Dataloader,561.564590215683,503.58349609375,ag-news-roberta-whitening-zca,ag-news-roberta-whitening-zca-mlp,save\ag-news-roberta-whitening-zca\ag-news-roberta-whitening-zca-mlp\summary_efficiency_60.csv,60
60,1,60.0,Train,989.5270442962646,476.81640625,ag-news-roberta-whitening-zca,ag-news-roberta-whitening-zca-mlp,save\ag-news-roberta-whitening-zca\ag-news-roberta-whitening-zca-mlp\summary_efficiency_60.csv,60
60,2,60.0,Test,21.027470350265503,476.7578125,ag-news-roberta-whitening-zca,ag-news-roberta-whitening-zca-mlp,save\ag-news-roberta-whitening-zca\ag-news-roberta-whitening-zca-mlp\summary_efficiency_60.csv,60
60,3,,Total,1572.1191048622131,476.7578125,ag-news-roberta-whitening-zca,ag-news-roberta-whitening-zca-mlp,save\ag-news-roberta-whitening-zca\ag-news-roberta-whitening-zca-mlp\summary_efficiency_60.csv,60
70,0,70.0,Dataloader,667.5272364616394,503.58349609375,ag-news-roberta-whitening-zca,ag-news-roberta-whitening-zca-mlp,save\ag-news-roberta-whitening-zca\ag-news-roberta-whitening-zca-mlp\summary_efficiency_70.csv,70
70,1,70.0,Train,1324.1977925300598,476.81640625,ag-news-roberta-whitening-zca,ag-news-roberta-whitening-zca-mlp,save\ag-news-roberta-whitening-zca\ag-news-roberta-whitening-zca-mlp\summary_efficiency_70.csv,70
70,2,70.0,Test,27.691555738449097,476.7578125,ag-news-roberta-whitening-zca,ag-news-roberta-whitening-zca-mlp,save\ag-news-roberta-whitening-zca\ag-news-roberta-whitening-zca-mlp\summary_efficiency_70.csv,70
70,3,,Total,2019.4165847301483,476.7578125,ag-news-roberta-whitening-zca,ag-news-roberta-whitening-zca-mlp,save\ag-news-roberta-whitening-zca\ag-news-roberta-whitening-zca-mlp\summary_efficiency_70.csv,70
80,0,80.0,Dataloader,750.9996497631073,522.33837890625,ag-news-roberta-whitening-zca,ag-news-roberta-whitening-zca-mlp,save\ag-news-roberta-whitening-zca\ag-news-roberta-whitening-zca-mlp\summary_efficiency_80.csv,80
80,1,80.0,Train,1716.219202041626,476.81640625,ag-news-roberta-whitening-zca,ag-news-roberta-whitening-zca-mlp,save\ag-news-roberta-whitening-zca\ag-news-roberta-whitening-zca-mlp\summary_efficiency_80.csv,80
80,2,80.0,Test,35.49030256271362,476.7578125,ag-news-roberta-whitening-zca,ag-news-roberta-whitening-zca-mlp,save\ag-news-roberta-whitening-zca\ag-news-roberta-whitening-zca-mlp\summary_efficiency_80.csv,80
80,3,,Total,2502.709154367447,476.7578125,ag-news-roberta-whitening-zca,ag-news-roberta-whitening-zca-mlp,save\ag-news-roberta-whitening-zca\ag-news-roberta-whitening-zca-mlp\summary_efficiency_80.csv,80
90,0,90.0,Dataloader,829.0497319698334,522.33837890625,ag-news-roberta-whitening-zca,ag-news-roberta-whitening-zca-mlp,save\ag-news-roberta-whitening-zca\ag-news-roberta-whitening-zca-mlp\summary_efficiency_90.csv,90
90,1,90.0,Train,2166.0269470214844,476.81640625,ag-news-roberta-whitening-zca,ag-news-roberta-whitening-zca-mlp,save\ag-news-roberta-whitening-zca\ag-news-roberta-whitening-zca-mlp\summary_efficiency_90.csv,90
90,2,90.0,Test,44.579341173172,476.7578125,ag-news-roberta-whitening-zca,ag-news-roberta-whitening-zca-mlp,save\ag-news-roberta-whitening-zca\ag-news-roberta-whitening-zca-mlp\summary_efficiency_90.csv,90
90,3,,Total,3039.6560201644897,476.7578125,ag-news-roberta-whitening-zca,ag-news-roberta-whitening-zca-mlp,save\ag-news-roberta-whitening-zca\ag-news-roberta-whitening-zca-mlp\summary_efficiency_90.csv,90
